patient_zip3,population,density,age_median,age_60s,age_70s,married,never_married,family_size,income_household_median,income_household_10_to_15,income_household_75_to_100,income_household_100_to_150,income_household_150_over,income_household_six_figure,income_individual_median,home_ownership,housing_units,rent_median,rent_burden,education_less_highschool,education_highschool,education_bachelors,education_college_or_above,labor_force_participation,unemployment_rate,self_employed,farmer,race_white,race_other,race_multiple,hispanic,disabled,poverty,limited_english,veteran,Ozone
101,2746.136364,5363.172727,41.25,10.85,8.75,46.35,35.45,2.845,113609.5,1.35,24.8,14.85,35.5,50.35,88910.5,15.85,1389.045455,2701.5,31.9,5,16.65,38.35,71.1,68.8,2.5,20.86,0.02,85.25,2.5,3.3,15.65,19.35,4.15,1.15,1.2,39.476275
103,37938.0,3697.284615,39.866667,12.383333,6.583333,49.433333,35.0,3.461667,90381.91667,3.583333,10.741667,19.091667,26.466667,45.558333,42708.58333,67.341667,13040.61538,1463.75,34.941667,11.95,29.733333,20.716667,34.325,59.85,5.233333,12.958333,0,67.875,4.725,6.1,20.458333,9.916667,10.925,6.441667,3.283333,38.718935
104,58934.16,16936.584,36.216,9.596,6.036,32.316,47.872,3.3916,50831.96,8.628,9.808,11.568,10.512,22.08,27712.36,23.28,21012.52,1317.64,41.364,24.512,27.484,14.236,22.904,58.956,10.856,16.052,0,24.148,30.264,8.704,53.736,16.1,25.028,15.92,2.52,36.555194
105,10690.73016,910.853968,43.48871,13.883871,7.404839,53.558065,32.967742,3.212833,147128.2069,1.503333,9.385,17.063333,45.946667,63.01,57872.2,75.79,3801.952381,2061.173077,32.793333,7.298387,15.125806,28.78871,58.743548,64.753226,7.064516,17.368852,0,72.172581,8.129032,4.898387,15.898387,9.385484,7.851613,3.283333,3.967742,39.286219
106,14171.66667,2702.433333,40.583333,11.25,7.383333,50.333333,34.783333,3.223333,111822.3333,2.566667,9.833333,17.55,36.716667,54.266667,49342.33333,58.083333,5384.333333,1840.833333,32.86,10.533333,17.95,25.65,52.45,69.75,5.783333,16.3,0,54.2,15.116667,6.066667,29.366667,8.2,7.316667,6.2,2.8,39.302792
107,26757.11111,3938.533333,41.433333,11.866667,7.855556,48.833333,34.966667,3.28,102163,3.833333,10.522222,16.677778,31.644444,48.322222,50291.77778,59.2,10253.33333,1672.666667,33.166667,12.111111,19.4,23.288889,47.033333,64.611111,5.133333,14.655556,0,60.555556,12.744444,7.288889,27.488889,10.955556,9.022222,8.011111,3.7,37.851937
108,22636.25,3267.2,41.675,11.275,7.325,53.775,32.175,3.3525,136920.25,2.175,9.325,13.9,41.8,55.7,58019.75,66.075,8151.25,1804.5,31.875,10.525,17.775,24.95,54.975,65.75,6.925,18.25,0,61.325,10.725,6.575,23.9,8.525,7.575,6.85,3.6,37.914202
109,9882.389831,493.962712,41.026415,13.396429,6.114286,52.1875,33.035714,3.405273,107340.9804,1.501786,15.466071,18.685714,32.266071,50.951786,45991.32692,74.614286,3063.847458,1588.209302,60.233333,9.073214,25.805357,21.744643,38.492857,67.771429,5.335714,10.522807,0.057895,73.667857,5.951786,6.508929,17.971429,10.183929,7.508929,3.433929,5.764286,39.183789
110,18744.07143,2898.557143,47.128571,11.357143,9.85,53.628571,27.55,3.494615,126078.2308,2.923077,10.453846,17.976923,39.976923,57.953846,51248.07143,78.738462,6012.0,1965,30.725,10.078571,20.55,26.035714,50.542857,54.457143,4.192308,18.428571,0,60.921429,7.278571,3.478571,12.814286,10.684615,6.907692,6.892308,3.535714,38.246605
111,30092.42857,21172.0,35.642857,7.942857,4.3,44.314286,43.214286,3.02,97743.85714,3.271429,11.757143,20.342857,27.285714,47.628571,56382.14286,19.9,13156.28571,2159.142857,26.985714,8.842857,17.585714,33.5,57.714286,74.171429,6.8,20.085714,0,56.757143,8.1,8.857143,21.871429,7.1,10.071429,10.771429,1.5,36.932137
112,71374.13158,17326.40789,36.476316,9.789474,6.0,39.923684,44.642105,3.412105,74499.71053,5.863158,10.742105,14.889474,21.318421,36.207895,39491.78947,29.931579,25922.55263,1678.447368,35.213158,16.2,24.334211,24.371053,41.026316,64.197368,7.184211,18.145946,0.002703,44.1,9.184211,6.089474,18.960526,10.194737,18.642105,14.173684,1.755263,37.72274
113,46369.69231,9949.130769,42.3625,12.420833,7.741667,49.925,33.8625,3.39875,77986.375,2.9875,12.745833,17.579167,20.179167,37.758333,37986.75,51.5,16083.57692,1814.291667,34.816667,17.283333,25.675,21.958333,36.404167,61.520833,6.1875,20.679167,0,42.1875,12.6125,6.645833,27.441667,9.5125,10.708333,22.591667,2.4125,37.670503
114,31657.46154,8664.119231,39.729167,11.991667,6.504167,41.041667,43.7125,3.838182,83230.63636,3.259091,13.740909,19.145455,21.8,40.945455,33605.70833,60.936364,9383.115385,1653.954545,33.477273,15.795833,27.891667,19.925,29.716667,62.391667,10.604167,15.295652,0,20.004167,14.8875,7.604167,22.520833,10.95,12.613043,9.122727,2.558333,37.963594
115,18705.3,2382.8525,40.646154,12.192308,7.328205,51.287179,34.830769,3.426053,132837.4722,1.715789,10.2,18.231579,41.921053,60.152632,50933.10256,80.331579,6067.775,2117.628571,36.258824,7.45641,19.466667,27.225641,51.220513,63.371795,4.861538,16.252632,0,68.812821,6.669231,5.54359,16.084615,8.517949,5.621053,4.723684,3.394872,38.077885
116,27159.4,6149.24,41.04,12.84,7.12,42.36,39.64,3.55,74950.6,4.2,10.94,16.1,22.2,38.3,40010.0,51.4,8931.8,1232.4,33.975,13.82,24.58,20.06,36.6,57.18,7.58,12.48,0,58.44,5.94,6.58,20.24,12.58,14.58,8.34,3.42,38.251989
117,20525.0,1218.842857,42.571429,12.776623,7.244156,52.724675,32.184416,3.432632,128029.1711,1.789474,10.676316,20.661842,39.609211,60.271053,51376.06494,84.764474,6682.662338,2060.042857,37.348438,6.893506,22.884416,23.693506,45.01039,65.668831,4.631169,12.156579,0,79.484416,3.890909,5.337662,14.253247,9.106494,5.211842,2.168421,4.503896,39.043346
118,25253.33333,1630.233333,43.166667,13.4,7.033333,61.766667,26.566667,3.426667,147666.6667,1.633333,9.666667,17,47.933333,64.933333,54322.66667,90.366667,8241.0,2260,60.95,4.3,18.966667,30.766667,58.366667,65.2,3.166667,14.8,0,70.8,2.0,4.166667,6.633333,9.266667,3.433333,4,2.8,38.686512
119,6194.590909,266.975,49.835714,16.195238,13.647619,52.45,28.595238,2.930488,106323.641,2.858537,10.726829,18.497561,31.729268,50.226829,57914.56098,83.404878,2308.704545,1968.142857,39.341667,5.6,23.090476,26.230952,48.211905,57.888095,3.783333,16.8,0.004545,87.371429,1.866667,3.947619,10.547619,10.37381,8.065854,1.860976,6.57619,39.608824
120,5112.242424,103.906061,46.295385,15.35303,10.381818,49.777273,29.381818,2.994769,77948.81967,4.028788,14.737879,17.909091,16.865152,34.774242,39593.14286,79.690909,2046.560606,1015.38,33.097619,7.289394,31.85,15.848485,30.85,60.090909,4.507692,9.370492,0.704918,91.075758,0.906061,4.374242,3.724242,12.765152,8.524242,0.640909,8.940909,38.897024
121,4183.102941,129.991176,46.40597,15.875,10.226471,49.813235,28.614706,3.062985,76344.5,3.191176,15.044118,18.642647,15.601471,34.244118,39317.92188,77.332353,1737.485294,955.5,27.019512,7.577941,29.547059,16.216176,30.139706,61.286765,4.210294,9.412308,0.441538,93.060294,0.980882,3.217647,3.672059,13.920588,7.898529,0.670588,7.560294,38.841811
122,12947.75,1662.475,33.427273,10.536364,5.354545,28.845455,54.172727,2.964,62101.3,5.52,11.64,16.04,12.93,28.97,31787.72727,43.46,5399.833333,1042.222222,31.466667,9.145455,20.554545,22.581818,42.372727,63.581818,7.309091,8.19,0,56.263636,2.990909,6.6,9.709091,12.409091,19.37,3.75,4.054545,39.447271
123,20914.875,1440.825,38.65,12.45,7.3,38.625,40.5,3.25375,65336.875,6.7375,11.8375,17.5,13.075,30.575,35044.75,56.025,8135.0,1021.5,33.6875,11.2,27.0125,17.75,30.9,62.025,8.25,8.475,0.05,67.9125,4.5375,8.2375,8.9625,13.2,15.2,2.3,6.2875,38.773826
124,1850.914634,84.817073,51.89125,18.420988,13.259259,47.830864,27.761728,2.980256,68781.19118,3.875309,13.750617,16.358025,13.564198,29.922222,36529.53521,80.814815,760.548781,1080.7,35.965517,7.282716,30.680247,16.88642,34.777778,58.393827,5.035,11.855696,0.026582,88.967901,2.106173,5.574074,6.246914,15.87037,12.674074,1.260494,7.08642,39.407551
125,7149.142857,159.811111,45.257377,13.952381,8.209524,50.903175,32.371429,3.103871,89919.39655,2.595238,11.579365,18.414286,26.492063,44.906349,39705.73333,74.479365,2621.460317,1280.886792,31.341176,7.806349,28.063492,21.385714,39.184127,61.41746,4.659677,12.638983,0.172881,83.538095,3.236508,5.346032,9.939683,12.719048,8.312698,1.463492,5.630159,39.263883
126,28780.0,1837.1,33.366667,8.066667,4.533333,28.8,58.5,3.085,72792.5,4.7,11,16.65,20,36.65,25317.0,56.8,11168.66667,1312,35.3,6.333333,17.0,14.866667,26.5,60.966667,6.066667,9.4,0,64.266667,4.4,7.1,12.666667,10.566667,11.9,3.2,3.966667,39.048189
127,1679.271186,43.515254,46.282456,15.659322,10.654237,48.716949,28.513559,3.127719,68465.44681,5.572881,15.857627,13.545763,13.733898,27.279661,35245.83019,75.90678,625.440678,1066.727273,30.265385,9.269492,35.530508,14.886441,27.186441,57.310169,6.305085,8.611538,0.2,84.281356,3.335593,4.518644,10.411864,15.833898,13.589831,1.947458,7.410169,39.23537
128,3520.292308,80.715385,48.936508,17.693846,10.501538,58.709231,24.033846,2.786154,75892.22034,3.193846,13.712308,20.938462,14.996923,35.935385,38263.53333,81.472308,1474.938462,949.886364,27.259459,8.815385,31.624615,16.756923,31.104615,59.595385,5.292308,8.669643,0.383929,94.258462,0.453846,2.68,2.083077,14.618462,8.063077,0.276923,7.901538,37.920104
129,2174.972222,57.108333,46.404225,15.746479,9.484507,52.909859,28.188732,2.712429,61795.21538,3.778571,14.98,15.57,8.852857,24.422857,33397.89855,80.047143,869.722222,859.645833,31.761111,11.2,35.176056,14.038028,25.233803,55.064789,5.064286,8.185937,1.8875,91.049296,2.498592,2.422535,2.756338,15.044286,11.631429,0.24,7.701408,38.722776
130,7748.32,445.808,44.483673,15.928,8.62,51.74,29.986,2.904792,75622.80851,2.604082,15.191837,21.783673,14.906122,36.689796,37106.5102,82.365306,3120.46,907.439024,27.243243,7.89,31.85,15.4,27.094,62.762,4.714286,9.976596,1.321277,91.95,0.676,3.774,2.432,13.242857,9.420408,0.487755,9.028,39.119545
131,3395.72549,135.292157,43.908333,13.783333,8.38125,49.141667,31.31875,3.04617,66010.84091,3.104167,14.870833,17.152083,10.404167,27.55625,33631.12766,81.464583,1349.627451,848.131579,28.151429,9.35625,39.36875,13.129167,22.422917,62.56875,6.383333,8.070455,1.361364,93.116667,0.720833,4.11875,2.00625,15.26875,10.3625,0.304167,8.797917,39.064962
132,13594.47059,1606.823529,36.325,11.5,6.36875,33.84375,47.30625,3.108,53991.06667,8.41875,10.7,12.7125,9.18125,21.89375,29026.125,51.54375,5362.647059,894.066667,33.38,11.3875,25.86875,21.4875,36.025,58.225,8.26875,9.3,0.04,64.98125,2.25625,6.28125,7.9625,14.14375,24.95,3.625,5.3625,38.827042
133,2618.509434,40.796226,43.701887,17.237736,8.877358,56.901887,25.9,3.378491,65705.04,2.998113,15.716981,15.520755,9.903774,25.424528,34248.56863,81.533962,1022.698113,810.5,24.458333,8.59434,33.896226,13.401887,23.998113,62.609434,4.524528,9.39375,2.239583,95.120755,0.467925,3.060377,2.149057,12.749057,8.832075,0.524528,8.866038,38.559626
134,2879.241935,85.767742,44.465574,14.104918,10.0,48.167213,30.634426,2.961967,63600.07143,3.119672,16.034426,15.178689,9.144262,24.322951,32082.83333,78.360656,1127.709677,765.95,25.163889,9.014754,37.695082,13.093443,23.352459,59.086885,4.134426,8.119608,1.778431,94.885246,0.832787,1.688525,2.24918,13.655738,9.959016,1.108197,8.927869,38.835924
135,37146.5,1007.55,35.55,10.25,6.3,38.5,43.25,3.38,47562,7.1,10.3,12.65,6.9,19.55,26628.0,56.55,13949.5,787,34.3,17.25,30.8,12.75,21.55,57.45,6.6,9.6,0.1,65.7,3.6,7.5,11.35,14.7,24.8,6,5.8,39.554202
136,2817.698795,95.314458,43.22,15.482716,9.018519,52.583951,28.27284,2.905128,60041.55072,4.181013,13.83038,14.901266,7.888608,22.789873,32498.64935,75.620253,1079.891566,839.303571,28.942857,8.071605,38.897531,12.280247,22.619753,53.97284,6.624051,6.642647,1.808824,92.583951,0.567901,3.055556,2.669136,15.95,15.339241,0.482278,12.254321,37.814285
137,3379.179487,41.169231,47.376316,17.641026,9.564103,51.115385,26.797436,2.843947,61132.69444,3.374359,12.320513,13.994872,9.54359,23.538462,32443.0,81.946154,1437.974359,800.8,29.685185,10.492308,36.364103,11.141026,20.674359,57.507692,6.626316,11.5,1.245714,94.979487,0.646154,2.187179,2.3,17.469231,13.487179,0.45641,7.784615,39.554796
138,3300.829268,39.278049,43.7475,15.463415,7.956098,47.926829,28.414634,2.9615,60653,6.321951,14.458537,15.441463,7.182927,22.62439,30890.36842,80.302439,1332.780488,809.1,28.846154,8.953659,39.995122,11.582927,22.031707,54.597561,4.9175,8.655882,1.417647,93.885366,1.092683,2.490244,2.217073,17.853659,13.121951,0.417073,8.582927,39.573254
139,16473.4,898.76,36.02,10.88,5.7,31.08,51.92,3.07,49637.75,6.825,11.45,12.825,8.75,21.575,22508.4,57.9,6313.0,753.75,32.775,9.7,24.34,11.78,21.78,49.68,10.62,9.16,0,79.84,1.66,4.56,5.56,14.7,23.175,1.425,5.04,39.583541
140,7373.672131,126.463934,45.103279,15.985246,7.670492,51.768852,28.408197,2.93459,70151.08772,3.527869,16.139344,16.319672,13.219672,29.539344,35603.86667,81.154098,3026.213115,880.255319,29.386957,8.940984,34.47541,14.359016,24.808197,61.231148,4.895082,8.974545,1.378182,91.670492,1.031148,3.306557,2.75082,13.5,9.404918,0.747541,7.562295,40.353886
141,5643.771429,219.362857,45.18,15.685714,9.445714,51.322857,30.831429,2.908788,71005.1,3.588235,14.5,19.488235,11.4,30.888235,35780.84375,83.873529,2368.942857,794.625,26.647059,8.3,36.882857,15.874286,25.74,60.934286,3.882857,7.070968,1.645161,93.528571,1.0,3.262857,2.465714,13.717143,8.888235,0.638235,7.745714,40.107248
142,20195.27586,2191.962069,36.468966,11.527586,5.896552,31.751724,49.472414,2.997778,52009.92593,7.407407,11.648148,12.074074,9.114815,21.188889,28834.55172,51.066667,8685.862069,878.037037,33.144444,10.155172,24.624138,19.658621,36.77931,59.52069,6.175862,8.218519,0,62.027586,4.189655,4.924138,9.637931,14.831034,20.966667,3.622222,5.644828,40.064216
143,12845.2,2174.78,47.68,11.52,6.8,28.0,43.84,2.965,34579.6,9.62,8.9,6.48,5.22,11.7,27169.5,45.42,5682.4,678.8,78.94,14.52,43.56,9.7,15.92,45.76,8.05,4.38,0,64.16,1.14,6.06,5.68,34.48,37.82,1.06,5.68,40.134116
144,6736.0,115.393333,43.213636,15.311364,7.922727,51.909091,28.547727,2.921591,70228.86047,3.163636,17.590909,16.959091,11.970455,28.929545,35198.72093,77.877273,2690.244444,873.540541,29.045455,8.161364,32.670455,16.938636,28.822727,63.611364,5.275,9.2775,1.195,93.395455,0.743182,2.720455,2.940909,12.520455,9.040909,0.640909,7.527273,39.327725
145,5886.410714,180.053571,46.92963,16.081481,9.512963,51.711111,28.187037,2.922075,68706.61224,3.430189,12.573585,18.4,10.309434,28.709434,35291.69811,80.867925,2361.571429,901.071429,30.110256,9.227778,33.940741,16.187037,26.903704,58.709259,4.70566,8.982,1.542,91.251852,1.327778,3.127778,3.811111,14.311111,10.725926,0.584906,7.455556,39.378488
146,19181.48,1922.568,36.520833,10.583333,6.325,33.1,48.829167,2.941739,56804.95652,6.421739,12.634783,12.991304,9.834783,22.826087,30793.04167,50.469565,8053.88,981.545455,34.395455,12.933333,24.3625,19.641667,34.4625,60.004167,9.270833,9.0875,0,62.504167,3.020833,5.391667,11.895833,15.8625,20.273913,4.673913,4.495833,38.667192
147,2751.403226,93.774194,43.455,14.662295,8.593443,50.516393,29.096721,2.983167,55030.12963,5.093333,13.336667,13.59,8.183333,21.773333,28485.77193,78.273333,1114.016129,706.382979,27.92439,12.44918,34.6,11.827869,22.57541,54.057377,8.322951,9.194643,2.108929,92.195082,1.319672,1.922951,2.713115,15.360656,15.957377,0.435,9.878689,40.736228
148,3795.77027,87.101351,43.123288,14.394521,9.720548,51.982192,29.535616,3.003056,61564.52174,3.913889,15.191667,15.451389,8.580556,24.031944,32248.50704,80.627778,1533.918919,845.861539,26.894737,9.427397,34.50137,13.439726,25.436986,58.415068,5.078082,8.87,3.361429,94.471233,0.519178,2.252055,1.658904,14.824658,12.9625,0.580556,9.312329,40.361957
149,11466.5,514.2,40.65,13.75,6.225,41.55,36.125,2.94,55296,6.875,13.375,14.3,8.075,22.375,29650.0,60.825,4587.0,861.25,33.7,11.55,31.9,13.05,24.625,59.625,7.625,7.775,0.15,84.25,0.875,5.825,4.7,15.3,18.8,0.45,7.9,39.975902
150,6383.901408,403.94507,46.667143,14.726761,9.453521,47.74507,30.804225,2.872754,64372.01587,4.540845,12.557746,16.083099,10.35493,26.438028,34544.19697,73.923944,2703.450704,829.290909,27.218,6.750704,38.090141,17.55493,26.919718,61.328169,5.559155,5.837313,0.258209,91.867606,0.412676,2.953521,1.829577,18.349296,12.730986,0.461972,7.907042,40.26411
151,13170.25,794.367857,43.685714,14.646429,8.353571,42.996429,36.907143,2.913333,63896.7037,4.818519,12.562963,14.722222,12.685185,27.407407,36634.11111,64.696296,5746.107143,897.037037,27.77037,5.171429,30.303571,21.592857,35.560714,63.553571,6.964286,9.088889,0,77.425,0.592857,4.817857,2.414286,15.010714,11.778571,0.462963,7.503571,40.288554
152,16113.60465,2043.676744,38.1,12.185366,7.026829,38.553659,43.607317,2.876923,67621.17949,4.615385,12.684615,15.153846,15.858974,31.012821,37670.35,58.320513,7203.209302,1015.794872,30.379487,7.873171,23.873171,24.543902,44.707317,64.67561,5.004878,10.897436,0,73.056098,0.84878,4.063415,2.646341,13.617073,14.8675,1.592308,5.712195,39.760418
153,3405.654545,242.812727,43.614545,16.798182,8.518182,52.521818,27.145455,2.942545,65096.94231,2.970909,13.952727,15.62,10.074545,25.694545,34327.2549,76.774545,1375.090909,834.210526,25.354839,10.118182,44.678182,13.147273,20.076364,56.756364,6.003636,5.425,2.15625,96.332727,0.278182,2.383636,0.772727,18.985455,9.621818,0.152727,7.88,40.130969
154,1957.014286,176.932857,45.078571,16.551429,9.095714,48.071429,29.094286,2.969429,57228.08772,8.097143,12.711429,13.561429,5.787143,19.348571,27291.54237,78.255714,807.857143,782.794872,27.671875,12.22,49.05,9.997143,15.542857,54.7,7.768571,4.812069,0.425862,91.461429,0.541429,3.191429,1.155714,21.134286,17.617143,0.468571,9.217143,40.330575
155,2309.216216,222.54054,45.991892,15.767568,8.343243,54.886486,25.586486,3.0125,54732.71875,5.547222,13.975,15.327778,5.730556,21.058333,27723.86111,83.027778,902.0,705.884615,28.765217,10.902703,47.681081,8.383784,14.945946,62.627027,4.555556,7.94375,2.75,95.632432,0.940541,1.237838,0.827027,16.169444,9.358333,0.363889,9.124324,40.400176
156,4204.194444,310.055556,47.108333,14.930556,9.708333,53.430556,26.779167,2.817083,64110.71875,4.1375,14.931944,16.627778,7.686111,24.313889,33541.2,79.593056,1793.722222,815.690476,24.488571,6.829167,43.433333,15.072222,22.166667,61.923611,3.916901,5.771875,0.220312,95.734722,0.177778,2.744444,0.872222,17.170833,9.461111,0.193056,8.204167,40.345162
157,1678.269841,171.857143,46.066129,14.642857,9.75873,52.125397,27.78254,3.009836,52790.84746,4.908065,13.604839,12.05,4.229032,16.279032,25279.13559,80.525806,659.984127,717.548387,23.344444,8.919048,53.844444,9.753968,14.363492,53.090476,5.532258,5.32973,1.256757,96.811111,0.344444,2.098413,0.91746,20.509524,12.467742,0.141935,8.88254,40.614271
158,2930.133333,85.136667,48.006667,15.796667,11.84,48.213333,25.38,2.91,51752.28571,3.88,12.733333,11.196667,4.976667,16.173333,27936.10345,82.406667,1222.133333,696.130435,28.116667,7.683333,53.96,9.36,13.79,58.446667,5.496667,6.736,0.404,96.616667,0.29,2.343333,0.823333,18.43,10.996667,0.123333,11.876667,40.849582
159,3177.348837,157.586047,45.238095,14.97619,8.37381,52.209524,28.895238,3.055952,55449.33333,4.704762,12.616667,16.435714,5.809524,22.245238,28762.82051,83.359524,1329.27907,716.733333,27.033333,9.045238,47.980952,12.530952,17.133333,54.652381,4.414286,5.43,0.265,96.188095,0.228571,1.478571,1.22381,20.414286,11.388095,0.261905,10.597619,40.21427
160,5812.628571,130.571429,44.674286,15.517143,8.034286,56.585714,26.257143,3.012571,70070.62857,3.794286,13.862857,18.757143,12.6,31.357143,34003.91429,78.985714,2355.457143,908.424242,25.643333,7.242857,41.082857,16.562857,25.354286,61.185714,5.334286,7.75,0.73125,96.408571,0.182857,2.208571,0.94,14.631429,9.74,0.208571,8.782857,40.167271
161,5038.0,240.938095,45.12381,14.797619,9.790476,50.230952,29.838095,2.978537,56489.875,4.254762,16.671429,13.469048,7.07619,20.545238,29397.64286,77.590476,2090.595238,740.783784,28.064706,9.17381,43.347619,14.969048,22.088095,57.540476,5.483333,7.902632,1.968421,93.77619,0.330952,2.380952,1.07619,18.361905,10.916667,0.528571,9.964286,40.032391
162,2193.538462,175.151282,44.341026,15.623077,8.371795,53.266667,26.238462,3.065128,53338.73684,4.102564,14.184615,11.307692,5.553846,16.861538,28122.18421,80.405128,835.51282,717.032258,25.146154,10.879487,52.387179,10.287179,14.846154,56.969231,4.935897,6.39697,1.839394,96.807692,0.14359,1.34359,0.664103,17.838462,11.820513,0.487179,8.789744,40.59117
163,3253.186047,35.374419,49.428571,18.609524,10.959524,52.335714,25.745238,2.900714,56950.45,5.042857,16.042857,13.680952,5.92619,19.607143,28648.5,80.564286,1347.860465,657.366667,25.286667,9.892857,50.159524,10.916667,15.890476,57.085714,5.711905,6.875,0.777778,97.269048,0.388095,1.407143,0.92619,18.75,12.054762,0.354762,9.983333,40.395443
164,3798.666667,129.369697,44.239394,14.248485,8.481818,52.627273,28.457576,3.057419,63428.90323,3.054839,14.9,15.248387,8.177419,23.425806,29479.90625,83.06129,1441.393939,741.653846,25.170833,11.128125,44.053125,13.19375,20.353125,57.3,6.05,9.217241,1.648276,93.533333,0.563636,3.184848,1.684848,15.1125,11.135484,0.509677,8.621212,40.421666
165,12980.21429,1380.407143,36.653846,12.2,5.730769,31.115385,49.8,3.01,47706.90909,8.336364,11.309091,11.172727,7.027273,18.2,23493.84615,54.6,5301.571429,774.545455,32.827273,10.05,33.083333,16.366667,33.016667,56.030769,7.130769,7.936364,0.036364,79.523077,1.692308,5.146154,5.246154,17.0,23.336364,2.4,6.215385,39.464307
166,3000.985075,304.91791,43.853846,13.157576,10.612121,52.092424,26.622727,3.070615,57025.71186,4.85,12.345455,15.512121,6.784848,22.29697,28658.13846,84.740909,1166.761194,741.891304,27.769231,10.065152,50.945455,10.804545,15.954545,54.656061,5.607692,6.565455,0.867273,95.768182,0.239394,1.890909,1.016667,18.271212,10.484848,0.187879,8.848485,40.358717
167,2060.545455,23.422727,46.445455,18.718182,7.877273,54.281818,25.854545,3.117273,53502.5,5.072727,16.804545,13.604545,4.827273,18.431818,30644.52381,78.259091,800.636364,715.133333,27.323077,6.181818,53.040909,12.122727,18.040909,55.318182,5.181818,5.577778,0.505556,93.436364,2.595455,2.109091,0.995455,17.672727,9.536364,0.168182,8.954545,40.869301
168,3648.163636,204.636364,44.087273,12.514545,9.141818,51.987273,28.034545,3.058,61204.11765,4.498182,11.707273,14.118182,8.798182,22.916364,31575.26415,82.043636,1348.381818,806,27.846667,11.296364,44.718182,14.581818,22.258182,60.778182,5.034545,6.964706,1.711765,95.274545,0.225455,1.950909,2.712727,16.076364,11.28,0.847273,7.867273,40.601598
169,1989.84375,37.115625,45.321875,15.565625,9.55625,56.78125,23.215625,3.089062,55224.68966,5.30625,14.578125,14.296875,6.421875,20.71875,27437.03125,80.253125,781.09375,756.851852,26.670833,10.303125,47.06875,10.465625,15.953125,55.44375,5.459375,10.784615,4.303846,97.40625,0.215625,1.403125,1.196875,18.3875,11.421875,0.2375,11.134375,40.580668
170,7538.534884,311.132558,42.423256,14.447674,8.033721,55.909302,27.15814,3.046235,68143.88608,2.990698,16.57093,15.744186,10.480233,26.224419,34677.95238,75.513953,2969.848837,850.875,25.083333,12.259302,43.609302,13.931395,20.731395,63.552326,3.622093,9.15,2.277632,92.918605,1.072093,3.243023,4.110465,13.463953,9.87907,1.073256,7.7,39.907645
171,18045.9,1472.46,36.488889,11.566667,6.444444,36.022222,42.155556,3.02,58446.88889,5.266667,12.288889,13.211111,9.344444,22.555556,34101.88889,49.5,7393.0,1013.222222,28.355556,10.633333,33.0,18.566667,29.022222,66.133333,5.577778,7.633333,0.022222,53.177778,3.244444,5.6,15.166667,13.844444,17.522222,4.522222,7.077778,39.386141
172,4299.897959,177.344898,45.383673,14.093878,10.228571,53.495918,25.187755,2.991064,62890.68889,3.74375,14.770833,17.570833,6.397917,23.96875,31289.1087,76.3625,1704.061224,838.833333,34.917647,16.077083,47.810417,9.895833,15.560417,57.828571,3.0875,6.1,3.017391,93.902041,0.481633,2.171429,2.408163,18.035417,10.720833,0.791667,8.710204,40.343266
173,7218.354167,279.904167,43.689583,14.322917,7.63125,54.891667,26.352083,3.00125,77876.83333,2.366667,17.110417,21.791667,12.9625,34.754167,37291.80851,79.847917,2817.8125,1004.977778,26.914634,9.441667,42.55625,15.397917,22.964583,67.352083,3.770833,8.809302,1.497674,93.235417,1.7375,2.90625,5.15,12.76875,6.016667,0.829167,7.497917,40.585456
174,26299.42857,1171.428571,38.028571,11.0,6.857143,46.657143,34.585714,3.15,69851.14286,3.971429,13.914286,16,15.314286,31.314286,33972.71429,67.171429,10052.57143,1155.428571,30.442857,11.057143,37.885714,17.042857,26.542857,65.4,6.242857,8.542857,0.157143,78.185714,3.328571,5.771429,13.7,13.857143,12.157143,2.371429,7.457143,39.662289
175,7335.744681,416.791489,39.180435,14.247826,8.05,61.715217,24.676087,3.286957,82910.14286,2.067391,16.058696,20.804348,13.902174,34.706522,35878.33333,72.023913,2713.595745,1062.135135,25.457143,22.095652,36.397826,12.697826,20.33913,68.147826,2.152174,11.759524,4.080952,90.895652,1.719565,2.765217,4.895652,10.206522,6.791304,2.032609,6.865217,39.471172
176,43641.25,1167.65,49.85,9.025,14.8,43.2,26.95,3.066667,72600.66667,2.35,11.1,13.7,11.325,25.025,31073.5,50.75,16969.75,1229,28.8,10.225,33.6,21.325,34.0,50.575,4.533333,8.35,0.275,79.475,5.1,5.5,16.625,19.325,17.675,4.1,7.075,39.523732
177,4142.3,57.6225,47.771795,15.7775,15.19,56.2925,24.185,2.862051,60290.79412,6.32,12.48,17.705,6.8575,24.5625,31234.07692,78.245,1637.35,789.758621,26.418519,10.08,47.625,12.545,18.94,56.09,5.607692,7.422581,1.9,95.3875,1.5975,1.6975,1.025,16.87,9.485,0.22,9.4375,39.810144
178,4309.814815,194.259259,41.009434,12.533333,8.324074,53.575926,28.335185,3.122963,59019.86,4.383333,17.42963,14.961111,7.855556,22.816667,30197.49057,76.833333,1631.111111,771.738095,24.7,10.338889,48.672222,13.898148,20.02037,60.405556,3.75,8.963636,2.504545,94.272222,1.105556,2.398148,2.992593,13.703704,13.311111,0.624074,7.368519,39.527968
179,2696.733333,286.293333,45.011111,15.308889,9.313333,49.444444,29.422222,2.956,61115.725,4.877778,12.893333,16.853333,6.868889,23.722222,32377.20455,80.291111,1061.133333,743.233333,34.180769,10.724444,46.64,12.224444,16.577778,57.848889,4.671111,4.388372,0.774419,95.806667,0.466667,2.324444,4.002222,18.186667,10.357778,0.6,8.488889,39.068989
180,10226.52727,452.832727,43.546296,13.622222,8.838889,56.124074,26.87963,3.094259,83271.25,2.677778,12.57037,21.740741,19.133333,40.874074,37660.75472,79.157407,3938.963636,1185.111111,27.028889,7.092593,35.372222,18.596296,31.451852,64.411111,4.096296,9.357692,0.184615,89.992593,1.477778,4.203704,8.496296,11.037037,5.97963,1.444444,7.583333,39.263073
181,25186.0,2368.142857,36.583333,10.2,6.383333,41.05,40.866667,3.103333,56933.33333,4.8,11.983333,12.533333,11.583333,24.116667,29575.16667,50,9320.857143,1195,34.383333,16.15,32.416667,16.15,25.066667,61.716667,9.766667,10.128571,0,61.633333,11.583333,11.3,40.6,15.6,18.2,12.116667,5.333333,39.164291
182,3976.888889,245.288889,46.794118,16.248571,7.94,42.968571,33.182857,2.905882,58107.32258,4.577143,13.165714,12.211429,5.602857,17.814286,30155.0,76.96,1562.583333,859.92,27.709524,8.637143,47.334286,11.025714,15.58,59.891429,8.528571,5.190323,0.054839,90.974286,2.342857,4.034286,10.497143,18.391429,12.865714,1.811429,7.54,39.692062
183,4943.222222,122.452778,46.305882,14.02,10.005714,51.602857,27.505714,3.110294,79646.42857,5.06,16.814286,18.982857,13.022857,32.005714,35681.75,78.705714,1807.944444,1227.625,48.465,8.362857,32.137143,15.328571,31.628571,60.605714,7.574286,9.311765,0.020588,81.717143,1.542857,3.714286,14.371429,13.817143,11.557143,1.06,11.077143,39.271638
184,3902.313725,72.55098,50.632,15.747059,13.405882,54.066667,27.356863,2.943,62282.79167,3.878431,15.990196,13.982353,10.945098,24.927451,31809.4375,84.145098,1531.509804,921.771429,30.8875,8.029412,40.184314,15.278431,24.04902,53.17451,5.892157,11.306818,0.629545,93.752941,0.876471,2.941176,4.109804,18.790196,11.413725,0.637255,11.182353,39.419506
185,10871.27273,988.954545,39.409091,12.763636,8.463636,37.918182,40.445455,2.959091,52013.54545,6.9,11.6,13.563636,7.790909,21.354545,28526.72727,53.218182,4384.454545,835.454545,29.381818,9.554545,39.354545,15.6,27.018182,57.736364,5.518182,8.272727,0,84.745455,1.663636,5.836364,10.4,17.0,16.672727,2.654545,7.663636,37.968904
186,4720.527778,98.772222,48.328571,17.574286,10.448571,50.351429,28.334286,2.925143,63651.26471,4.285714,15.188571,14.98,10.594286,25.574286,32745.77143,79.868571,1929.861111,899.83871,28.186667,8.16,42.094286,13.005714,22.44,56.805714,5.025714,7.838235,0.952941,91.994286,1.5,2.888571,3.068571,16.534286,10.942857,0.36,8.582857,39.437216
187,17003.125,917.025,40.275,12.2125,8.775,39.8625,38.85,2.90625,57564.875,4.6125,12.525,12.725,9.825,22.55,29359.0,61.6875,7007.125,786.875,27.375,7.8875,35.3375,17.6875,27.25,60.525,5.15,8.1875,0,85.0625,3.0,5.275,8.6375,15.475,14.45,1.6875,7.4125,39.858315
189,9682.820513,339.641026,49.079487,16.089744,10.410256,60.451282,23.589744,2.933846,133783.027,1.587179,10.982051,18.4,40.076923,58.476923,57451.45946,82.815385,3706.974359,1432.928571,28.626087,3.407692,24.341026,28.235897,51.017949,67.851282,4.617949,14.9,0.142857,90.917949,1.112821,2.907692,2.692308,8.589744,5.341026,0.851282,6.407692,39.878767
190,16995.98529,1614.772059,40.857353,13.755882,6.833824,50.530882,33.417647,3.186471,103379.6176,2.375,12.166176,18.614706,28.141176,46.755882,45885.52941,73.605882,6393.75,1351.261538,31.052381,5.726471,26.317647,24.570588,45.427941,66.772059,5.55,13.722388,0.002985,76.047059,1.461765,4.077941,4.608824,11.276471,7.638235,2.245588,5.410294,39.324499
191,31948.46,5512.17,35.719149,10.642553,5.942553,32.491489,49.770213,3.086596,62665.53191,5.944681,11.397872,12.834043,14.631915,27.465957,35681.02174,52.52766,12934.32,1225.043478,35.028261,11.978723,28.517021,21.287234,38.261702,64.280851,8.410638,11.730435,0,44.017021,6.185106,4.791489,11.982979,15.802128,20.178723,5.86383,4.229787,39.06182
193,13447.55882,468.861765,41.65,15.314706,6.370588,54.511765,32.820588,3.204063,115312.7143,1.360606,16.124242,15.412121,32.512121,47.924242,44575.66667,74.024242,4956.264706,1386.592593,29.944,7.002941,20.117647,29.958824,51.535294,67.070588,5.323529,12.077419,0.696774,81.65,1.773529,4.311765,10.082353,9.273529,11.014706,2.227273,6.647059,39.918739
194,17231.46875,625.021875,46.032258,12.767742,9.364516,54.848387,25.877419,2.939032,102997.2143,1.490323,14.725806,17.058065,27.929032,44.987097,49045.72414,73.3,6729.5625,1585.363636,30.140909,4.235484,24.154839,30.248387,51.451613,67.151613,3.529032,11.709677,0.064516,83.983871,0.958065,3.280645,3.893548,11.716129,5.251613,1.751613,6.096774,39.755506
195,5282.97619,501.430952,43.414634,12.736585,8.265854,53.434146,28.395122,3.023902,78713.27027,2.714634,17.614634,21.5,15.546341,37.046341,37442.97368,76.834146,1999.404762,1010.970588,25.472414,9.234146,42.907317,14.892683,24.436585,67.204878,5.726829,8.872973,1.154054,93.656098,1.678049,2.873171,4.090244,12.736585,7.078049,0.739024,6.921951,39.132788
196,22655.8,1872.66,38.21,10.32,7.51,44.2,35.52,3.249,64405,4.5,12.81,15.32,12.96,28.28,33097.6,62.37,8367.0,1092.4,32.76,14.77,32.95,16.78,27.39,63.86,7.14,9.11,0.03,66.02,12.79,10.17,35.01,15.55,15.21,7.26,6.1,39.092632
197,18027.63158,905.436842,43.025,20.805882,6.947059,46.817647,35.376471,3.186429,95688.75,1.84375,14.09375,17.5375,23.49375,41.03125,40852.28571,79.325,6631.631579,1366,27.95,4.905882,28.229412,26.541176,39.594118,60.047059,5.69375,8.075,0.09375,74.176471,1.741176,6.441176,9.158824,9.811765,7.26875,1.46875,6.276471,39.806744
198,22036.4,1450.51,41.63,12.97,7.69,42.03,38.51,3.085,77890.8,3.24,12.94,16.09,20.29,36.38,44135.3,63.81,9126.6,1196.3,30.33,7.01,27.14,23.95,42.95,64.4,6.18,10.82,0,64.47,2.16,3.95,7.88,13.17,12.56,1.72,6.07,39.561984
199,10753.74359,180.997436,45.984615,15.717949,10.769231,50.94359,28.238462,2.965526,68988.51351,3.923684,16.060526,16.657895,13.3,29.957895,35064.10256,81.192105,4205.564103,1166.205882,32.725,11.884615,32.720513,15.723077,25.502564,58.225641,5.702632,9.7,0.686842,77.95641,2.0,5.105128,8.023077,14.384211,11.4,1.815789,10.694737,41.068489
200,25266.51852,6156.214815,33.053846,7.819231,4.946154,27.426923,61.803846,2.851364,102388.7727,3.272727,11.340909,16.104545,32.622727,48.727273,55627.26923,42.659091,11483.51852,1778.181818,32.640909,5.869231,10.638462,25.023077,70.265385,66.323077,6.673077,15.327273,0.009091,50.511538,3.803846,5.684615,11.696154,9.4,19.016667,3.195455,3.507692,39.565648
201,22258.8,572.124444,41.348889,12.62,5.771111,59.002222,26.995556,3.308889,137928.1333,1.12,11.924444,18.408889,44.488889,62.897778,62068.71111,77.186667,7423.4,1854.282051,27.6,6.18,16.993333,32.155556,55.406667,70.831111,3.302222,16.161702,1.325532,70.933333,3.202222,7.082222,13.177778,7.693333,4.402222,3.593333,8.777778,40.078603
206,6045.934426,186.183607,45.901695,14.438983,8.261017,53.367797,28.849153,3.211207,110716.7037,1.6,11.060345,22.167241,32.003448,54.17069,51910.2,83.248276,2130.229508,1571.083333,31.593548,7.089831,31.39661,17.025424,31.167797,61.801695,4.553448,8.242373,0.554237,66.630508,1.059322,6.308475,3.905085,13.069492,5.860345,0.425862,13.223729,40.586643
207,20160.26415,1141.667925,39.190385,11.659615,5.980769,45.653846,37.490385,3.343922,104069.549,1.821569,12.576471,20.843137,29.282353,50.12549,49470.96154,65.611765,7063.09434,1785.375,29.565217,10.319608,24.258824,20.866667,38.531373,68.430769,6.192308,13.422,0.146,39.590385,9.671154,4.880769,14.923077,9.432692,7.272549,4.256863,8.157692,40.208082
208,18396.75,927.83,42.571053,13.613158,7.1,57.134211,28.965789,3.264054,145530.2222,1.386486,10.235135,19.959459,44.878378,64.837838,63484.72222,76.824324,6652.725,2000.4,29.385185,6.155263,13.586842,28.186842,61.873684,67.25,3.915789,19.997222,0.297222,60.489474,5.963158,7.689474,15.910526,9.321622,5.127027,5.740541,7.228947,39.447323
209,41563.75,2529.1875,37.5875,10.7625,6.2875,48.2875,36.75,3.3975,95720.875,2.2125,12.875,17.7875,29.075,46.8625,44362.125,56.8125,15110.75,1704.875,33.6875,13.875,16.8875,23.9875,49.675,72.125,6.175,21.325,0,36.5875,17.675,6.35,25.9,8.4875,9.1625,9.4125,4.1,40.135567
210,16472.3125,455.197917,42.708511,13.447917,7.972917,56.95625,28.208333,3.070625,122183.5,1.116667,12.047917,19.833333,36.0125,55.845833,55146.93333,76.341667,6230.833333,1587.486486,29.755882,5.01875,19.56875,26.079167,46.910417,69.360417,3.802083,11.677778,0.317778,75.641667,1.489583,4.21875,4.677083,9.458333,4.622917,1.114583,10.045833,40.594478
211,16369.76667,404.126667,42.9,12.893103,7.351724,59.003448,25.003448,3.162069,118829.1071,2.013793,14.682759,21.096552,35.106897,56.203448,53372.55172,81.72069,6069.633333,1560,30.72,7.789655,20.637931,24.513793,45.334483,68.051724,3.72069,13.878571,0.767857,79.62069,0.965517,4.034483,3.658621,10.303448,5.231034,0.972414,7.986207,40.683905
212,27841.83721,2349.290698,35.820513,10.5925,5.6925,31.2625,48.045,3.223889,67162.63889,4.505556,11.758333,15.638889,15.941667,31.580556,35480.28205,55.288889,11086.55814,1266.916667,35.477778,10.415,31.105,18.3425,34.005,60.24,6.966667,12.519444,0,45.9925,2.215,4.385,5.7325,13.4025,18.391892,2.019444,5.405,40.668109
215,4222.478261,164.604348,45.054545,13.1,10.656522,47.695652,26.247826,2.726364,49960.68182,5.973913,13.952174,10.713043,5.7,16.413043,30152.35,75.404348,1724.565217,726.789474,27.69375,8.813043,48.586957,9.247826,17.052174,53.578261,9.05,7.505,2.2,94.882609,0.213043,1.913043,1.108696,17.443478,15.343478,0.065217,12.695652,40.62149
216,2940.62069,69.382759,50.2,19.075862,13.101724,56.686207,23.222414,2.835345,81115.30189,3.408621,14.127586,19.7,16.77069,36.47069,40670.05172,82.841379,1169.706897,1206.617647,33.828571,10.706897,35.008621,17.32069,28.727586,58.867241,3.572414,15.487234,1.57234,85.234483,3.605172,3.15,6.536207,14.272414,9.424138,1.091379,10.082759,40.857479
217,9155.303571,262.691071,43.212963,13.616071,8.926786,53.317857,30.239286,3.021538,107093.1224,1.779245,12.641509,19.867925,28.333962,48.201887,45002.25,81.5,3367.607143,1251.794872,28.068571,7.929091,33.130909,18.870909,33.356364,61.8,6.350943,11.825,1.430769,84.271429,0.835714,5.182143,5.967857,12.036364,7.77963,0.707547,10.017857,40.749535
218,4910.72973,194.124324,45.271429,16.154286,10.702857,52.894286,29.791429,2.899706,71577.17647,3.561765,15.335294,19.238235,11.611765,30.85,32444.79412,79.997059,1909.459459,1054.75,35.640909,12.848571,35.354286,15.242857,23.185714,59.411429,6.858824,12.00625,1.1625,76.657143,1.508571,3.86,3.485714,14.755882,10.141176,0.905882,9.057143,40.74583
219,6891.333333,143.746667,44.85,17.593333,12.046667,53.466667,26.873333,3.024286,83156.76923,3.18,13.426667,19.746667,15.34,35.086667,39847.64286,77.013333,2578.133333,1099.0,27.325,9.16,41.9,11.6,23.466667,57.046667,4.193333,9.046154,1.207692,88.706667,1.753333,2.826667,4.106667,15.58,10.46,0.633333,8.78,40.157204
220,26981.05263,1475.747368,38.027778,10.788889,6.111111,57.35,30.477778,3.375556,139943.7222,1.294444,10.938889,17.583333,45.411111,62.994444,62095.27778,67.605556,9387.684211,2177.823529,29.917647,6.927778,11.727778,30.672222,62.416667,69.433333,4.961111,16.861111,0.05,57.172222,6.272222,6.783333,15.872222,7.283333,6.666667,6.344444,10.094444,39.834534
221,30610.875,1215.6,38.83125,10.01875,5.9125,54.9625,31.3625,3.3675,140605.0625,1.09375,11.025,19.11875,43.71875,62.8375,64621.25,70.125,10290.375,2127.4375,29.03125,6.34375,12.63125,29.925,60.825,72.14375,4.65625,15.7375,0.075,57.69375,4.2375,7.91875,16.375,7.625,4.625,4.46875,11.29375,40.001786
222,21492.09091,3535.1,34.92,7.86,4.29,42.81,46.1,2.875,140892.3,1.1,9.91,21.36,44.81,66.17,73196.2,42.71,9991.818182,2283.8,26.277778,4.38,7.85,32.99,73.12,78.67,3.06,13.97,0.04,68.57,4.21,8.96,15.09,6.01,5.55,3.59,9.85,39.413861
223,25074.21429,2855.271429,38.2,10.214286,5.542857,49.592857,35.085714,3.16,116762.5714,1.528571,12.285714,19.35,36.664286,56.014286,64643.92857,56.735714,10461.78571,1975.857143,29.285714,7.371429,12.721429,29.771429,61.557143,75.385714,3.707143,15.978571,0.035714,60.464286,4.9,8.171429,18.607143,7.771429,7.785714,5.171429,9.864286,39.394777
224,10119.29167,168.920833,46.85,15.916667,11.554167,49.158333,27.45,3.094348,72067.04762,3.904348,11.552174,17.282609,14.156522,31.43913,34977.95238,73.213043,3678.0,1222.375,30.253333,11.7,33.5375,15.6875,26.483333,54.066667,5.231818,9.822727,0.313636,64.9125,2.316667,7.279167,9.758333,12.83913,12.347826,1.252174,12.316667,39.760192
225,8312.44,56.32,48.170833,13.544,9.58,53.18,23.464,3.05625,79785.22727,2.248,14.528,18.596,14.956,33.552,36962.3913,84.084,2859.76,1168,30.99375,13.964,28.764,14.852,25.824,58.148,6.770833,10.4,0.904348,68.056,3.816,4.276,5.94,14.968,9.232,1.048,13.128,40.039134
226,6947.931034,95.686207,46.989286,15.67931,12.631034,55.589655,24.406897,3.017586,78936.92308,1.882759,13.031034,18.92069,17.124138,36.044828,38548.64286,79.675862,2595.137931,1131.291667,23.9,14.472414,33.403448,14.944828,25.744828,58.451724,3.310714,13.417241,3.248276,87.065517,1.517241,2.913793,6.106897,16.410345,6.924138,0.927586,11.92069,40.909845
227,2432.114286,31.074286,46.132353,14.557143,11.471429,52.771429,27.622857,3.317879,88951.52,3.7,15.122857,16.414286,24.034286,40.448571,37560.03333,80.934286,846.771429,1121.9,26.85,13.168571,37.214286,13.742857,23.905714,63.668571,5.241176,14.97037,3.648148,82.597143,0.954286,7.042857,5.685714,12.84,6.205714,0.545714,7.165714,41.460661
228,6232.857143,166.05,42.307407,14.714286,9.114286,49.107143,28.835714,3.166154,62495.5,2.625,13.057143,13.510714,10.232143,23.742857,30523.92593,74.021429,2274.321429,929.545455,23.990476,13.637037,41.92963,13.666667,22.725926,59.35,3.944444,14.124,5.524,92.503571,0.792857,3.839286,5.728571,13.803571,11.821429,0.875,7.003571,41.80468
229,6854.775,288.0325,44.784211,16.563158,9.352632,54.565789,28.539474,3.015526,76845.59459,3.05,15.415789,14.857895,21.205263,36.063158,37268.0,73.010526,2695.725,1126.6,44.131818,10.484211,26.863158,23.197368,41.778947,60.805263,4.673684,13.086486,1.751351,82.913158,1.126316,2.623684,4.397368,11.152632,9.526316,0.471053,7.484211,41.096892
230,4985.854167,84.78125,48.808511,17.387234,10.461702,52.891489,26.474468,2.928043,74750.28571,3.685106,14.778723,18.17234,13.702128,31.874468,37734.93182,82.825532,1914.5,1059.217391,27.771429,10.817021,31.468085,18.551064,28.868085,61.017021,3.385106,9.195556,1.064444,75.621277,0.910638,4.106383,2.838298,14.274468,6.593617,0.461702,12.087234,39.82484
231,9079.977778,153.404444,46.513953,15.090909,10.911364,52.934091,27.840909,2.975122,89545.97222,2.702381,14.185714,21.961905,19.27381,41.235714,38674.43902,83.142857,3359.733333,1171.482759,28.113636,9.343182,27.390909,20.793182,32.561364,57.786364,3.6,11.215,0.625,75.422727,0.984091,3.777273,3.279545,14.875,8.960465,0.304762,9.506818,39.702617
232,25431.26087,1128.634783,35.581818,10.222727,5.627273,35.768182,46.640909,3.0505,69407.35,3.447619,12.071429,15.504762,14.652381,30.157143,35526.81818,51.295238,10510.43478,1252.65,31.89,10.781818,18.622727,24.481818,45.459091,67.777273,6.109091,11.72,0.06,53.431818,3.513636,5.009091,8.372727,12.136364,12.180952,2.942857,5.913636,39.829294
233,9744.413793,201.634483,44.948148,15.462963,12.159259,58.725926,25.896296,2.968519,71546.59091,3.518519,14.762963,17.4,11.125926,28.525926,36291.11538,71.333333,3586.482759,1084.647059,28.125,11.485185,30.925926,16.244444,24.844444,59.951852,6.125926,10.164,0.256,70.988889,2.240741,5.185185,9.081481,15.344444,12.97037,1.077778,12.896296,39.76621
234,13242.44444,299.253333,44.930952,14.352273,12.456818,50.131818,29.336364,2.78725,71312.20588,5.265854,12.958537,13.660976,13.519512,27.180488,34666.87805,70.834146,5129.066667,1117.714286,30.78,13.55,30.254545,15.856818,28.045455,61.397727,5.009524,9.5,0.489744,66.313636,1.061364,4.322727,7.765909,12.95122,13.185366,0.870732,17.9,39.678722
235,17039.71429,1912.107143,31.4,8.721429,4.564286,32.535714,50.2,2.975385,57357.23077,3.861538,12.846154,13.015385,10.576923,23.592308,32210.64286,37.8,6634.071429,1186,33.930769,9.407143,24.735714,20.564286,34.421429,71.935714,7.376923,9.376923,0,48.107143,2.557143,6.207143,8.478571,12.861538,17.569231,2.046154,21.414286,38.833793
236,16282.75,969.041667,35.218182,9.481818,5.386364,44.177273,39.1,3.145238,71833.15,2.895238,12.547619,19.147619,13.547619,32.695238,34029.63636,49.471429,6540.833333,1322.285714,33.81,6.022727,24.886364,23.254545,35.913636,67.040909,5.133333,6.985714,0,55.295455,1.863636,6.736364,9.886364,13.840909,11.709524,1.138095,15.718182,39.366469
237,13922.0,1197.671429,31.842857,7.971429,4.285714,28.171429,53.857143,3.116,51985,3.883333,10.033333,10.666667,21.8,32.466667,27741.71429,44.95,5507.571429,1101.4,35.42,7.257143,33.285714,16.514286,22.7,72.971429,5.383333,6.766667,0,41.142857,1.214286,9.271429,8.914286,12.616667,15.216667,0.633333,11.15,38.430368
238,6470.236364,72.887273,44.753704,15.064815,10.45,46.827778,30.718519,3.029231,66285.68,4.192308,13.344231,17.676923,10.994231,28.671154,31915.49057,74.103846,2360.6,989.871795,29.23125,15.407407,33.988889,12.607407,21.007407,55.644444,4.8,6.344231,1.151923,56.348148,1.022222,4.511111,3.533333,16.369231,10.334615,0.744231,12.114815,39.374101
239,2797.861111,206.941667,44.68,14.738889,11.097222,44.011111,34.238889,3.05697,50382.96667,6.588235,12.423529,12.838235,6.470588,19.308824,26419.84848,73.391176,1027.166667,714.111111,30.995238,13.531429,34.694286,12.98,18.631429,47.380556,7.197143,8,4.996875,67.980556,0.680556,1.961111,2.105556,18.288889,17.867647,0.314706,11.65,38.86487
240,8461.232558,329.895349,42.047619,12.72619,9.152381,47.545238,30.761905,3.084634,59355.7,4.041463,12.834146,16.87561,9.304878,26.180488,29579.85714,71.058537,3377.162791,845.714286,28.604348,10.395238,33.421429,13.711905,26.159524,57.957143,4.145238,9.566667,2.646154,83.897619,0.933333,2.97381,4.27381,14.469048,12.956098,0.841463,7.807143,38.945377
241,5643.675,293.16,48.3475,17.055,13.1325,50.7125,24.2025,2.845641,57697,5.094872,12.787179,12.607692,7.715385,20.323077,29151.89189,76.7,2285.15,759.925926,29.285,12.12,34.29,13.53,20.3425,51.8725,3.464103,9.72973,3.145946,86.9225,0.4225,4.3025,1.6075,16.8075,14.54359,0.238462,8.42,40.055647
242,4123.818182,44.661364,45.893182,15.684091,10.156818,48.779545,24.934091,3.266364,40557.73171,7.645455,10.309091,9.254545,3.413636,12.668182,22005.18605,76.768182,1647.727273,600.678571,40.9,20.045455,39.095455,8.084091,11.925,43.093182,10.165909,8.535714,5.538095,96.031818,0.093182,1.545455,0.795455,27.956818,21.368182,0.061364,6.386364,41.876256
243,3691.5,37.48,48.035897,15.7725,10.445,49.06,25.135,2.832895,48108.7027,5.982051,12.494872,11.8,3.479487,15.279487,25841.71053,80.85641,1521.775,604.407407,23.595455,14.0925,38.95,8.9225,13.3725,53.34,4.19,10.040541,6.875676,94.6575,0.3825,2.165,1.9175,19.835,15.541026,0.407692,9.41,41.447592
244,3390.837209,44.767442,47.7425,15.47381,9.885714,53.478571,26.280952,2.794146,59422.58333,3.478571,13.169048,13.32619,11.07381,24.4,33821.80556,81.05,1355.093023,859.105263,28.45,11.07619,42.885714,13.788095,22.052381,58.52619,4.107143,10.45,5.65,91.688095,0.430952,2.054762,1.257143,14.680952,12.045238,0.247619,7.840476,40.369806
245,6851.392857,102.105357,44.751852,15.931481,9.942593,49.459259,29.405556,3.007736,52468.94,5.209434,12.249057,11.511321,8.537736,20.049057,28711.03774,76.216981,2716.660714,797.590909,27.663158,13.657407,35.731481,12.368519,19.82963,55.296296,5.411111,8.827451,4.023529,73.451852,0.612963,4.037037,2.431481,16.581481,13.396226,0.439623,8.885185,39.058088
246,2498.36,29.392,47.970833,17.208333,9.266667,47.795833,24.545833,3.09,38462.91304,7.716667,8.633333,8.225,2.841667,11.066667,20746.08696,79.133333,952.12,661.538462,31.763636,25.441667,37.970833,7.05,11.733333,36.770833,6.6875,5.334783,0.647826,95.770833,0.220833,1.129167,0.9125,30.145833,23.245833,0.095833,8.108333,40.629513
247,3413.235294,43.882353,48.09375,19.31875,10.08125,49.35,22.75,3.4125,38123.61538,10.70625,5.5125,5.00625,7.23125,12.2375,25175.8125,81.55625,1409.0,697.857143,31.5,20.16875,43.93125,11.2375,15.94375,41.30625,5.44,5.090909,0.336364,95.58125,0.05625,1.53125,0.55625,30.2375,21.81875,0.15,4.85625,40.390881
248,635.545455,38.932727,46.322,16.872549,10.14902,43.245098,31.472549,3.411,37983.72727,8.590196,10.005882,5.739216,1.990196,7.729412,23791.07692,81.260784,221.254546,716.111111,41.95,23.886275,51.217647,5.843137,7.937255,33.278431,10.571429,2.262963,0,92.711765,0.086275,1.196078,0.643137,34.3,32.760784,0.288235,7.117647,39.834236
249,1419.714286,11.728571,49.235294,18.951429,10.694286,50.925714,22.165714,3.096286,53412.22222,6.028571,14.497143,7.96,5.851429,13.811429,25600.34375,83.68,577.885714,661.777778,29.25,14.948571,46.717143,8.548571,14.302857,45.288571,8.85,8.237931,6.210345,96.417143,0.088571,2.468571,1.308571,23.122857,17.008571,0.102857,11.128571,40.604068
251,1404.942308,87.925,47.35098,19.528846,11.898077,47.723077,25.580769,3.172041,45153.05263,9.38,10.464,7.196,2.812,10.008,22544.30233,84.982,534.173077,689.5,28.88,22.340385,45.363462,6.773077,11.215385,35.953846,6.304082,2.583333,0.730952,94.742308,0.019231,2.35,0.748077,24.954902,25.522,0,8.021154,39.194723
252,1390.15,32.9375,46.902564,16.392308,9.992308,50.912821,25.238462,3.472051,46739.875,5.233333,12.820513,8.687179,8.35641,17.04359,28727.51429,83.230769,533.4,655.25,29.15,14.630769,49.294872,9.497436,14.333333,44.376923,6.351282,4.248649,3.897297,97.420513,0.002564,1.705128,0.805128,23.748718,17.702564,0,10.764103,38.267969
253,8050.357143,254.1,42.907692,14.753846,8.861538,44.546154,30.761538,2.934615,49502.61538,6.946154,9.823077,11.507692,9.730769,21.238462,28680.92308,65.976923,3482.428571,834.384615,35.616667,10.092308,35.815385,16.492308,28.830769,54.838462,6.523077,9.425,0.183333,84.592308,0.223077,4.292308,1.346154,19.161538,19.184615,0.607692,6.853846,38.658203
254,8258.5,165.75,41.925,13.316667,9.633333,54.654167,26.170833,3.158333,74096.2381,3.083333,12.1375,17.5,16.270833,33.770833,34863.04348,81.616667,3157.291667,1048.588235,28.05625,9.779167,36.154167,16.058333,24.6625,63.95,5.15,9.040909,1.554545,89.8875,1.425,3.845833,3.404167,14.2125,9.679167,0.295833,8.920833,40.189006
255,3465.05,50.245,44.0225,16.0525,9.035,54.9925,24.975,3.26325,52199.85714,6.35,10.5975,12.04,6.7075,18.7475,26011.23077,82.0275,1324.05,738,35.747059,17.045,43.99,8.535,13.5925,45.0725,6.2175,6.089474,1.242105,97.0775,0.2825,1.8775,0.7525,23.04,17.9125,0.0525,7.0325,39.326599
256,1077.581395,36.755814,44.371429,13.02093,11.995349,50.102326,24.5,3.325581,37776.40625,10.65814,8.344186,9.409302,2.225581,11.634884,22506.92308,76.874419,407.046512,665.882353,32.422222,23.97907,45.781395,3.711628,7.048837,34.109302,15.053659,3.784848,0,95.632558,0.011628,1.862791,0.82093,34.648837,26.72093,0.025581,6.834884,40.691246
259,1189.837838,36.775676,46.515152,18.631429,9.511429,53.605714,25.814286,3.281176,44151.26923,7.482857,9.008571,10.6,4.66,15.26,25577.53846,83.802857,492.891892,695.9,38.45,15.908571,45.791429,8.8,18.268571,44.994286,12.541176,4.1625,0.725,95.7,0.082857,1.171429,0.442857,25.514286,27.122857,0.048571,5.505714,40.10139
260,5230.708333,172.495833,44.9125,14.745833,9.416667,46.725,32.0625,3.282917,58555.77273,5.895833,12.429167,14.458333,11.975,26.433333,29782.125,80.483333,2169.0,687.666667,30.038889,11.116667,40.129167,12.033333,20.720833,55.2125,5.891667,5.178261,1.726087,95.4875,0.129167,2.470833,0.9625,18.041667,14.3625,0.166667,8.658333,40.610619
261,3849.121212,84.769697,47.36129,17.484375,9.521875,50.853125,26.0625,3.150645,53416.44828,6.765625,12.196875,11.69375,6.66875,18.3625,28463.73333,82.3375,1549.878788,724.117647,31.157143,10.228125,46.7375,9.490625,14.54375,48.459375,5.687097,6.396552,3.565517,96.28125,0.0875,2.1125,0.85625,21.09375,18.346875,0.028125,7.96875,38.815185
262,1578.5,10.711538,51.304255,22.74898,12.126531,51.706122,24.108163,3.044375,44603.08108,6.97551,7.322449,9.793878,4.169388,13.963265,26469.11628,84.371429,593.576923,670.473684,34.146667,21.563265,48.5,7.514286,12.446939,45.565306,6.43125,5.025641,1.523077,97.095918,0.126531,2.312245,0.45102,22.344898,15.065306,0.030612,9.069388,39.889164
263,2756.903226,29.822581,44.34,17.867742,8.416129,44.603226,31.274194,3.364333,51820.53571,5.109677,10.864516,10.925806,5.587097,16.512903,27993.51724,80.96129,1071.451613,744.647059,29.358333,12.967742,47.990323,8.341935,15.858065,50.522581,8.180645,4.884615,3.580769,95.974194,0.725806,2.167742,1.680645,22.125806,17.129032,0.212903,8.887097,39.08638
264,1919.62069,49.7,44.778571,14.27931,12.062069,44.327586,24.968966,3.535185,55544.04167,8.189655,11.986207,10.937931,7.57931,18.517241,26504.11111,81.462069,692.896552,640.307692,24.188889,15.851724,50.6,6.82069,10.648276,47.12069,7.196429,4.568,3.896,94.931034,0.182759,2.62069,1.072414,24.396552,15.668966,0.055172,10.903448,39.33394
265,5038.027027,190.12973,43.748571,15.540541,13.737838,50.459459,27.675676,2.917429,58520.93103,4.227778,11.958333,11.883333,7.441667,19.325,28342.25,79.913889,2048.675676,718.428571,27.694444,12.243243,49.678378,8.791892,18.1,54.202703,11.8,5.386207,1.168966,94.497297,0.283784,1.902703,1.467568,20.283784,17.008333,0.2,8.791892,39.927476
267,2319.173913,55.782609,44.408696,13.821739,12.417391,50.934783,25.873913,3.59,54601.88889,5.1,14.182609,11.465217,4.626087,16.091304,28421.68182,82.582609,864.217391,704.384615,25.175,11.730435,51.034783,8.330435,13.486957,53.543478,6.769565,6.145455,4.25,95.221739,0.078261,2.143478,0.686957,20.16087,16.656522,0.847826,10.113043,40.824301
270,8543.735294,77.644118,45.605882,15.014706,9.002941,55.526471,23.344118,3.005588,59992.05882,4.579412,15.079412,14.329412,8.429412,22.758824,30950.58824,80.579412,3395.235294,754.354839,25.996296,13.888235,32.764706,13.420588,19.788235,58.552941,4.891176,11.705882,3.676471,88.291176,1.623529,3.132353,6.482353,17.288235,12.844118,1.052941,8.455882,40.434819
271,30104.11111,1516.211111,33.666667,8.677778,5.377778,31.8,53.022222,3.202857,51949.14286,5.357143,12.085714,11.585714,9.942857,21.528571,24207.33333,54.871429,11917.22222,870,31.485714,11.485714,25.485714,20.257143,34.157143,52.311111,8.255556,12.285714,0.228571,54.488889,2.855556,5.611111,12.155556,10.166667,17.942857,2.914286,4.822222,39.112712
272,14111.22727,275.959091,41.078571,12.843182,6.561364,47.584091,33.070455,3.170244,58895.45946,4.595349,12.774419,13.755814,9.069767,22.825581,29558.78049,73.232558,5523.977273,832.083333,29.034375,13.490909,30.447727,15.170455,23.047727,60.7,4.556818,12.144737,2.484211,77.068182,2.927273,3.459091,8.863636,13.934091,13.218605,1.465116,6.388636,39.285824
273,11116.08333,76.405556,43.566667,12.697222,8.45,54.538889,26.319444,3.029722,62834.70588,7.094444,13.45,16.044444,9.422222,25.466667,32080.94286,75.880556,4272.5,816.16129,27.471429,12.063889,33.916667,13.308333,21.6,59.997222,5.108333,12.4,2.563636,73.886111,2.463889,5.197222,7.372222,15.411111,13.797222,0.941667,7.802778,39.362324
274,30252.27273,1425.163636,33.7,8.963636,5.181818,32.481818,51.445455,3.024444,58268.44444,4.566667,11.666667,12.688889,11.777778,24.466667,27171.63636,53.044444,12090.90909,949.666667,29.466667,7.318182,16.918182,23.781818,36.536364,60.136364,8.745455,13.511111,0.122222,47.018182,2.654545,4.090909,7.590909,9.9,16.222222,2.355556,4.936364,39.14277
275,17689.125,260.2875,39.913235,12.234286,7.565714,49.088571,32.907143,3.14303,71909.26984,4.561765,13.713235,15.888235,15.236765,31.125,34699.16667,70.844118,6526.513889,994.311475,29.710169,10.526087,26.101449,18.363768,30.350725,60.831429,5.46087,12.142188,1.085938,65.257143,3.35,4.867143,8.888571,14.32029,13,1.866176,8.64,39.070037
276,32596.52941,1108.958824,34.9,9.6125,4.675,40.90625,44.00625,3.015333,83741.66667,2.746667,12.126667,17.326667,23.053333,40.38,41978.5,54.62,12972.82353,1255.733333,31.66,6.433333,13.366667,35.3,57.646667,65.575,3.7375,14.753333,0.14,66.225,3.825,4.90625,9.01875,8.18125,10.853333,2.286667,4.95625,39.49801
277,33878.66667,877.355556,34.3625,9.7375,4.9375,37.75,47.425,3.034286,66806.57143,3.414286,11.885714,15.971429,16.257143,32.228571,33376.125,56.2,13957.55556,1159.714286,34.071429,9.475,15.325,29.1125,50.125,60.7125,6.0125,13.625,0.125,51.275,3.9875,5.9875,13.4625,9.1,14.042857,4.471429,4.7375,38.846006
278,6337.614458,61.738554,45.054321,16.969512,10.64878,42.614634,32.003659,3.008902,47215.40541,8.039024,10.658537,10.556098,5.220732,15.776829,25436.44304,70.037805,2574.253012,785.072464,33.831148,17.146341,36.893902,9.965854,15.1,54.426829,7.453086,9.507792,1.018182,48.197561,2.136585,3.926829,5.441463,19.884146,19.735366,0.630488,7.24878,39.382449
279,3373.827586,55.101724,47.172414,17.110345,10.97931,51.905172,25.843103,2.83931,57111.28302,4.727586,13.251724,11.922414,10.251724,22.174138,32265.25,76.781034,1358.724138,995.410256,59.102941,11.787931,30.356897,16.891379,23.803448,59.001724,6.544828,14.198113,0.850943,72.186207,1.872414,4.37069,6.486207,17.367241,13.517241,1.458621,10.705172,39.545218
280,15656.87755,233.504082,40.04,12.213333,8.46,47.913333,31.035556,3.238182,60479.55,6.622727,12.570455,12.525,10.115909,22.640909,30039.04651,74.504545,5812.265306,912.974359,27.797222,12.148889,32.591111,15.248889,22.093333,58.04,6.208889,10.515556,0.957778,75.764444,1.671111,3.277778,5.868889,15.302222,14.568182,1.261364,6.882222,40.34657
281,15071.55814,176.204651,41.82093,12.383721,7.95814,50.765116,30.795349,3.126279,64158.825,3.916279,13.216279,14.281395,11.404651,25.686047,32478.21429,74.983721,5525.395349,917,27.643243,13.593023,29.183721,16.390698,25.713953,60.802326,5.337209,11.780488,1.839024,77.746512,1.525581,3.088372,5.74186,15.07907,11.339535,1.011628,7.588372,40.234346
282,32497.82759,1205.327586,33.869231,8.246154,4.096154,38.607692,46.726923,3.177083,79186.25,3.395833,12.5125,15.645833,19.629167,35.275,41142.73077,52.220833,12920.58621,1298.916667,28.35,8.803846,14.673077,28.95,45.365385,70.576923,5.315385,14.645833,0.066667,50.923077,5.988462,5.773077,12.980769,7.907692,11.6,4.883333,4.888462,39.442282
283,10875.2987,217.91039,39.644737,12.768421,8.518421,44.135526,34.618421,3.332055,49924.38028,6.582192,10.647945,11.389041,6.491781,17.880822,26495.63889,67.093151,4034.714286,806.923077,31.420339,15.223684,31.243421,12.873684,18.875,56.9,8.378667,10.644286,1.395714,54.084211,4.831579,5.140789,10.756579,17.820548,19.782192,2.09726,12.575,38.976346
284,9467.890909,120.825455,45.469091,15.16,10.610909,49.661818,27.783636,3.092727,56055.2,6.363636,11.943636,13.167273,9.138182,22.305455,29099.54545,74.363636,3961.072727,910.018868,31.997778,12.352727,30.998182,15.741818,23.629091,54.345455,6.063636,13.042593,1.605556,69.958182,3.554545,3.638182,8.014545,16.183636,16.138182,1.410909,8.987273,37.956322
285,8161.709677,118.333871,44.115,16.07541,9.913115,51.567213,27.929508,2.949333,55869.16364,4.891667,12.935,14.001667,6.483333,20.485,28501.76667,69.708333,3112.725806,897,30.165909,13.17541,30.570492,13.372131,20.857377,57.331148,5.20339,10.576364,0.841818,75.991803,2.139344,5.242623,8.318033,18.683333,13.893333,1.436667,13.303333,38.968324
286,8024.253165,77.382278,46.368421,14.284615,11.639744,52.617949,24.533333,2.88,50710.35211,5.719231,11.70641,12.542308,6.801282,19.34359,28488.12162,75.820513,3188.291139,751.809524,26.801852,14.60641,32.178205,12.711538,19.769231,55.647436,4.262667,13.556,3.309333,90.980769,1.74359,2.446154,5.15641,18.529487,16.121795,1.144872,6.330769,41.689555
287,7519.04,62.968,48.153521,15.607042,12.314085,54.369014,23.690141,2.863099,56830.63636,4.892958,12.214085,14.557746,9.664789,24.222535,29421.65672,76.242254,3057.92,881.885246,29.748148,9.607042,28.708451,20.483099,31.569014,55.077465,4.233803,15.848529,1.430882,89.067606,2.452113,3.752113,5.8,15.908451,11.235211,1.319718,8.747887,42.744659
288,27633.0,502.34,42.04,12.82,9.22,40.38,38.52,3.138,57446.6,5.4,11,12.92,14.12,27.04,31446.6,55.64,11247.8,1110,35,6.8,19.28,28.54,48.78,61.78,3.68,17.38,0.26,82.24,1.42,4.76,6.5,12.76,13.2,1.68,7.16,41.636693
290,9491.244898,59.702041,43.295652,18.763265,9.144898,44.844898,32.059184,3.149362,53475.54348,6.757143,13.757143,12.410204,6.732653,19.142857,28688.56522,82.332653,3588.693878,821.820513,28.648387,12.367347,33.122449,14.7,22.726531,52.836735,5.980435,10.193617,2.380851,53.536735,1.561224,2.406122,2.771429,19.916327,14.304082,0.463265,8.187755,37.960865
291,7579.319149,120.323404,42.038298,14.770213,8.76383,43.674468,35.576596,3.255556,47795.13636,6.617778,11.062222,10.728889,6.313333,17.042222,24960.82979,74.244444,2982.680851,773.857143,35.548571,16.419149,34.793617,11.210638,18.542553,54.13617,8.136957,10.527273,2.615909,51.280851,1.925532,3.142553,4.36383,16.669565,18.231111,0.648889,8.038298,38.004682
292,26363.53846,1615.053846,30.846154,8.023077,4.938462,28.976923,56.107692,3.019,53388.6,4.518182,10.727273,10.645455,10.318182,20.963636,26880.84615,58.181818,10413.61538,1073.3,37.69,6.7,18.65,24.625,40.65,61.330769,7.184615,10.816667,0.233333,54.161538,1.823077,3.923077,5.938462,11.192308,22.709091,1.154545,7.107692,38.844732
293,9464.711111,160.171111,41.088372,16.195556,7.848889,45.753333,28.302222,3.067907,51793.71795,5.384444,10.902222,11.791111,6.275556,18.066667,28255.575,72.697778,3606.2,824.305556,28.853125,15.68,35.662222,13.395556,18.846667,55.595556,4.847619,8.683333,1.042857,76.031111,1.562222,3.757778,5.497778,19.062222,16.635556,1.017778,7.662222,41.910467
294,15002.52632,571.25614,41.658929,14.464286,8.467857,46.323214,34.183929,3.065536,63462.07547,5.055357,10.891071,13.416071,15.180357,28.596429,31255.34545,70.501786,5879.666667,1170.702128,32.82439,10.967857,28.157143,18.808929,32.917857,56.941071,4.439286,13.258491,1.154717,61.391071,1.883929,3.360714,4.225,12.9125,15.178571,1.039286,9.346429,36.476198
295,12247.64912,96.266667,44.032143,15.010526,10.324561,40.701754,35.035088,3.329643,44596.42308,7.875439,10.375439,10.084211,5.547368,15.631579,23989.63636,68.898246,4732.807018,797.826923,40.389362,15.54386,41.235088,10.133333,16.150877,52.066667,6.082456,10.755556,1.233333,55.1,1.335088,2.847368,3.126316,18.087719,21.901754,0.764912,7.014035,37.69888
296,16274.32308,312.523077,41.303077,13.544615,8.204615,49.34,32.518462,2.983968,60923.48333,5.0125,10.95625,12.934375,12.23125,25.165625,28184.0625,72.010937,6398.615385,846.690909,30.601961,13.333846,28.173846,16.632308,28.738462,56.4,5.132308,11.58,1.368333,78.972308,2.06,3.501538,4.975385,15.223077,15.615625,1.026563,7.944615,42.050404
297,16711.0,317.704,40.829167,11.912,7.388,48.56,29.076,3.092174,59524.91304,5.583333,11.125,14.220833,9.804167,24.025,30580.54167,73.6875,6475.72,889.181818,29.694737,14.448,30.836,14.772,22.308,61.648,5.54,10.504348,1.965217,73.58,0.756,3.82,4.984,12.884,12.833333,0.670833,6.612,38.986453
298,6400.028571,149.068571,45.514286,17.425714,8.262857,45.577143,31.425714,3.153824,50084.6875,7.097059,11.861765,9.970588,6.297059,16.267647,24463.31429,74.567647,2503.742857,758.724138,31.166667,19.474286,39.957143,9.614286,15.28,50.951429,9.314706,10.116129,2.196774,57.628571,0.768571,3.608571,5.145714,19.532353,17.276471,0.835294,8.031429,39.644829
299,7616.096774,91.432258,44.11,14.1,10.876667,46.096667,33.993333,3.164286,59335.37037,4.378571,11.05,14.160714,9.6,23.760714,30869.6,79.071429,2981.096774,1104.789474,32.094444,10.393333,38.12,16.886667,26.316667,56.21,8.763333,10.131034,0.893103,53.103333,4.203333,4.67,8.56,16.425,14.925,1.385714,9.85,37.920836
300,40162.72581,875.119355,37.734426,10.106557,5.44918,49.665574,33.529508,3.380984,82017.54098,3.014754,13.537705,17.293443,20.083607,37.377049,39698.46667,67.514754,14135.62903,1339.316667,31.64386,10.380328,21.544262,24.840984,40.978689,67.077049,5.044262,16.516667,0.311667,49.021311,4.603279,5.578689,11.842623,10.270492,10.77541,4.304918,6.503279,40.968089
301,23161.82456,246.157895,39.105357,11.896429,6.473214,51.548214,30.45,3.17,70760.74074,3.705455,14.403636,17.025455,14.2,31.225455,32058.48214,72.827273,8211.649123,1030.962264,29.792308,11.905357,31.644643,15.891071,25.060714,63.164286,5.442857,13.566071,1.5125,75.728571,2.332143,4.307143,7.635714,13.428571,11.609091,1.24,7.580357,40.777511
302,20024.375,450.394643,39.790566,13.153704,7.82963,48.731481,31.922222,3.276038,64027.48077,3.396226,13.892453,14.926415,10.775472,25.701887,31712.56604,70.249057,7113.660714,1051.387755,31.704255,15.646296,34.144444,13.872222,21.775926,57.412963,5.175,12.809615,1.026923,55.403704,2.068519,3.687037,6.416667,13.888679,12.10566,1.375472,7.662963,40.477491
303,25649.975,1965.8625,33.792308,8.2,4.497436,32.417949,51.689744,2.987838,75746.75676,3.991892,12.732432,13.962162,21.208108,35.17027,43880.18421,45.313514,11252.65,1395.054054,33.977778,7.725641,15.589744,30.653846,56.323077,67.623077,6.097436,16.594595,0.064865,44.941026,2.341026,4.807692,9.258974,9.084615,16.167568,3.802703,4.7,39.873279
304,5305.325581,32.474419,39.997619,12.223256,8.111628,42.32093,34.765116,3.770476,48711.32432,7.778571,11.359524,10.809524,6.269048,17.078571,24397.10811,69.647619,1867.813953,678.606061,27.092857,18.85,36.82381,10.895238,16.788095,52.265116,8.434884,12.234211,5.876316,62.174419,2.588372,4.05814,7.274419,16.84186,20.504762,1.966667,7.209302,40.096071
305,11339.8254,160.720635,44.440323,12.820635,10.815873,51.660317,26.833333,3.172833,62093.33898,5.391935,13.751613,13.385484,10.351613,23.737097,28903.47541,75.967742,3961.396825,897.857143,29.952941,18.237097,29.353226,14.967742,24.091935,55.473016,3.803175,15.289831,2.166102,86.160317,3.236508,4.628571,12.873016,16.944444,14.743548,1.903226,7.998413,41.421617
306,9580.318182,194.675,40.44186,11.953488,8.093023,49.04186,33.097674,3.2525,57378.17073,5.085366,12.443902,13.84878,9.968293,23.817073,28343.72093,74.278049,3592.454545,888.918919,30.596875,14.276744,33.025581,13.904651,24.681395,57.725581,5.469767,14.135,3.7475,70.327907,1.693023,3.186047,5.613953,13.372093,14.778049,1.273171,8.053488,41.036855
307,11624.9375,97.996875,40.780645,13.093548,7.2,48.419355,26.46129,3.225333,52390.21429,7.106452,11.235484,12.996774,7.451613,20.448387,27252.0,73.835484,4198.625,781.115385,26.317391,19.690323,35.383871,9.758065,16.067742,57.370968,4.967742,12.364286,2.339286,90.506452,1.335484,2.909677,9.183871,15.345161,16.054839,2.825806,5.816129,42.018069
308,10011.27273,128.231818,43.085714,14.604762,8.12381,44.414286,33.57619,3.501,56009.95,6.405,9.465,13.37,9.49,22.86,27208.7619,74.18,3222.454545,805.470588,29.7,17.314286,37.890476,9.547619,14.385714,52.509524,5.12381,11.826316,3.457895,61.457143,1.247619,2.609524,2.838095,17.838095,18.62381,0.6,10.72381,39.882003
309,29153.28571,454.328571,34.0,10.666667,5.533333,31.783333,47.4,3.725,47157.66667,6.3,11.783333,9.516667,8.65,18.166667,26462.16667,41.25,10532.0,996.666667,37.416667,12.7,27.466667,17.65,27.733333,64.633333,8.766667,10.657143,0.142857,44.35,1.35,5.466667,6.783333,15.383333,22.1,1.016667,14.0,40.666734
310,6460.738095,70.67619,42.091139,13.544444,8.395062,42.141975,34.409877,3.364231,50815.05263,6.77375,12.21,11.8375,7.32625,19.16375,26914.24051,72.92,2306.047619,705.275362,31.236667,16.761728,39.860494,8.969136,15.408642,49.749383,5.77625,11.924658,5.163014,59.254321,2.140741,2.725926,4.545679,16.992593,19.1,0.4475,7.730864,40.545852
312,16591.1,568.72,35.688889,10.755556,5.9,33.144444,46.822222,3.3625,46505.25,7.475,10.5625,11.3,8.5375,19.8375,23659.0,54.625,6275.7,869.375,40.075,14.1875,32.0375,12.775,23.9375,54.622222,7.9,13.525,0.4125,42.811111,1.0,3.111111,3.477778,15.033333,25.425,0.7625,7.655556,39.634625
313,9811.25,145.6,39.552174,10.916667,6.933333,44.5875,35.608333,3.11,62962.47619,4.726087,12.926087,14.382609,8.278261,22.66087,31052.6087,69.008696,3537.958333,980.25,28.582353,10.979167,38.245833,13.875,19.966667,63.2875,5.217391,9.586957,0.765217,64.295833,1.445833,4.891667,5.058333,18.226087,13.378261,0.93913,12.386957,38.514757
314,21756.58333,518.741667,36.472727,10.590909,7.354545,37.409091,44.4,3.119,60815.7,4.15,13.25,13.4,12.64,26.04,31656.45455,55.38,8456.916667,1227.9,34.79,9.6,28.227273,19.181818,33.045455,65.1,7.7,11.318182,0.145455,50.454545,1.763636,3.636364,6.136364,15.28,15.3,1.3,16.909091,38.247996
315,7316.978723,48.621277,41.543182,14.818182,7.804545,49.086364,29.231818,3.23814,47649.425,7.565116,12.676744,12.355814,6.748837,19.104651,28513.06977,74.52093,2680.276596,743.472222,27.022222,17.118182,38.779545,8.804545,15.706818,51.775,3.97381,12.544186,5.706977,78.334091,1.079545,3.611364,5.265909,15.609302,17.47907,0.874419,9.246512,38.30735
316,6401.806452,111.590323,38.267742,10.56129,7.203226,45.848387,32.870968,3.225517,45701.46154,5.817241,11.417241,10.975862,6.334483,17.310345,26023.16129,68.182759,2310.612903,739.692308,31.938095,18.446667,38.396667,10.193333,15.79,55.751613,5.533333,11.296429,4.35,67.716129,2.509677,3.632258,8.477419,14.443333,23.351724,1.386207,10.016129,37.715343
317,7022.923077,120.936538,40.233333,13.488235,8.101961,46.411765,32.270588,3.2082,46665.18367,7.25,13.206,11.208,5.648,16.856,26078.34,70.09,2644.942308,752.288889,27.595349,16.982353,36.817647,9.190196,14.988235,57.4,6.231373,12.104082,4.895918,61.862745,2.305882,3.337255,7.286275,16.704,20.768,1.32,6.776471,38.701665
318,3280.851852,22.351852,46.176923,14.919231,9.757692,51.946154,27.0,2.949615,58419.45833,7.046154,10.769231,14.638462,10.107692,24.746154,28660.96,80.773077,1209.111111,782.05,32.85,13.346154,33.407692,12.711538,21.142308,51.334615,7.008,11.104348,2.413043,60.35,2.957692,2.511538,4.6,20.146154,18.403846,0.476923,11.942308,40.304291
319,28431.71429,686.214286,33.714286,9.971429,4.857143,36.585714,40.742857,3.271429,46072.57143,5.428571,11.171429,9.714286,6.457143,16.171429,26743.57143,36.614286,10776.42857,974.714286,30.857143,12.957143,26.242857,15.942857,25.9,62.2,9.528571,10.485714,0.128571,43.614286,3.371429,5.971429,9.171429,16.771429,22.828571,1.314286,13.442857,39.244831
320,15734.43182,192.731818,42.632558,12.5,8.911364,48.352273,27.931818,3.421818,63132.47619,4.481818,12.343182,14.904545,11.027273,25.931818,30634.62791,75.504545,5701.977273,1050.6,28.878378,13.059091,34.443182,13.725,21.588636,50.925,5.262791,10.3,2.311628,80.870455,1.952273,4.768182,7.088636,19.940909,13.115909,0.820455,10.325,37.731854
321,14249.57778,285.224444,50.231818,17.263636,14.129545,49.434091,25.822727,2.884773,54039.30233,5.772727,10.572727,12.915909,8.122727,21.038636,28613.88636,78.059091,6403.555556,1065.384615,34.855556,13.140909,35.295455,14.175,22.159091,46.843182,5.261364,10.85122,0.829268,83.025,3.679545,4.179545,9.243182,16.615909,15.879545,1.763636,11.879545,36.970682
322,28244.56757,848.864865,36.808571,10.577143,5.782857,41.611429,38.177143,3.188235,63859,4.208824,12.723529,14.75,12.264706,27.014706,33243.85714,56.155882,10969.45946,1228.941176,33.417647,9.522857,27.194286,20.205714,30.337143,67.014286,5.4,10.371429,0.131429,59.151429,2.6,6.265714,10.097143,13.241176,14.891176,2.605882,13.797143,38.815047
323,10243.18605,292.248837,42.866667,15.1025,9.39,42.755,37.6675,2.990789,50936.65714,4.947368,9.281579,12.786842,7.565789,20.352632,27463.97368,72.805263,3946.418605,904.235294,44.459375,13.833333,32.271795,14.176923,23.125641,50.5125,7.066667,12.765714,1.702857,63.5275,1.555,3.76,6.7125,17.85,17.176316,1.071053,8.56,37.140828
324,8502.930233,105.309302,43.828571,13.559524,9.278571,49.142857,27.633333,3.044524,52122.04878,6.202381,12.87619,10.645238,7.628571,18.27381,28726.45238,74.12381,3267.348837,980.794872,30.89375,14.771429,35.183333,11.911905,18.188095,52.285714,4.790476,12.274419,2.467442,79.611905,1.580952,3.880952,5.088095,20.695238,16.428571,0.878571,12.019048,37.652673
325,17640.97561,411.739024,38.4475,10.645,8.115,48.395,32.3375,3.087105,65442.2973,3.413158,14.15,14.918421,12.828947,27.747368,31381.74359,65.257895,6807.341463,1161.945946,32.167647,7.865,25.1825,19.3275,29.25,61.17,4.620513,11.281579,1.15,73.5275,2.0125,8.02,8.405,16.131579,11.765789,1.097368,19.71,38.417981
326,9040.44186,301.513954,42.497561,13.746512,10.253488,40.548837,34.855814,3.272564,52201.42857,3.997619,10.221429,10.014286,9.733333,19.747619,27570.41026,70.014286,3450.744186,874.125,41.5,13.723256,32.774419,14.818605,25.532558,49.44186,5.160976,11.125641,1.982051,76.639535,0.902326,5.051163,8.746512,16.721429,19.328571,1.235714,8.434884,36.669515
327,23973.09091,532.513636,44.346341,13.531707,9.34878,51.792683,27.173171,3.03878,68232.87805,3.326829,13.385366,16.617073,13.907317,30.52439,33658.07317,73.668293,9238.840909,1295.125,33.171795,8.621951,28.368293,19.714634,29.990244,59.741463,5.207317,12.165854,0.541463,77.590244,3.982927,6.043902,16.231707,14.495122,10.714634,2.163415,10.007317,37.397275
328,31043.73529,1217.964706,35.424242,9.039394,5.060606,39.554545,43.384848,3.401613,70704.65625,3.36875,12.646875,17.04375,14.846875,31.890625,33949.51515,56.528125,10422.94118,1446.733333,33.866667,9.809091,23.424242,24.554545,38.230303,65.084848,5.187879,13.587097,0.012903,59.157576,6.206061,11.175758,31.530303,10.169697,12.865625,7.65,5.527273,37.100591
329,20283.38235,479.070588,49.042424,16.651515,11.830303,50.166667,27.254545,3.176061,67488.96875,3.184848,11.854545,15.572727,13.745455,29.318182,33369.8125,74.721212,8148.352941,1247.225806,35.074194,8.024242,27.657576,19.575758,31.742424,53.254545,4.790909,11.293939,0.218182,77.987879,2.078788,6.287879,12.239394,15.875758,11.475758,1.860606,13.390909,38.107082
330,34958.92157,1716.927451,43.377551,12.922449,8.016327,46.281633,31.879592,3.279592,66478.65306,3.893878,13.487755,14.557143,14.459184,29.016327,32875.38776,62.053061,12264.35294,1563.183673,39.902041,13.195918,29.022449,19.0,30.208163,63.130612,5.622449,18.444898,0.240816,61.122449,4.216327,13.718367,42.830612,11.24898,13.469388,14.073469,5.085714,34.569793
331,32045.77778,3045.050794,40.979032,10.587097,7.409677,44.235484,35.119355,3.315161,71422.16129,4.635484,11.732258,14.241935,17.604839,31.846774,33791.3871,53.083871,11515.98413,1646.491803,41.054237,15.020968,23.185484,22.733871,38.617742,63.503226,4.987097,22.237097,0.077419,59.095161,4.646774,18.930645,63.754839,9.220968,14.201613,21.156452,2.298387,34.729989
332,?,?,?,?,?,?,?,?,?,?,?,?,?,?,?,?,?,?,?,?,?,?,?,?,?,?,?,?,?,?,?,?,?,?,?,35.544993
333,30145.89286,1698.460714,42.6,12.711111,7.2,45.781481,33.955556,3.176667,81660.51852,3.385185,12.040741,17.425926,21.344444,38.77037,39948.51852,65.318519,11550.92857,1746.185185,35.457692,8.366667,21.914815,25.285185,42.407407,66.492593,5.1,16.62963,0.092593,59.896296,3.892593,11.262963,29.711111,10.433333,10.714815,7.444444,4.888889,34.266108
334,28004.33333,1171.04386,47.045614,13.708772,11.217544,47.398246,30.470175,3.129825,73755.36842,3.419298,12.519298,15.429825,18.557895,33.987719,36015.77193,69.72807,11060.01754,1629.875,35.845283,11.87193,23.964912,22.331579,37.077193,57.164912,6.494737,15.466667,0.12807,67.392982,3.510526,7.840351,21.396491,12.475439,12.208772,6.775439,6.333333,34.887667
335,19826.06818,437.3,42.195238,12.535714,8.802381,51.033333,29.82381,3.232927,70820.975,3.639024,13.134146,16.460976,15.653659,32.114634,33424.35714,75.153659,7233.568182,1230.575,32.702632,12.35,29.357143,17.509524,27.838095,58.752381,5.916667,11.121951,0.87561,72.62381,5.121429,8.197619,22.183333,13.961905,13.357143,2.965854,10.380952,37.737635
336,30205.48148,1517.174074,35.62963,9.525926,5.466667,39.314815,41.211111,3.211154,67229.03846,3.903704,12.211111,12.922222,15.774074,28.696296,35116.88889,48.144444,11854.18519,1362.307692,33.669231,10.844444,23.72963,23.403704,38.285185,65.992593,5.488889,13.423077,0.026923,62.651852,4.007407,10.833333,30.103704,10.988889,18.47037,11.777778,6.577778,37.228624
337,19613.82051,1555.107692,49.107692,15.902564,11.828205,44.8,29.102564,2.917105,64711.71053,3.807895,12.889474,14.442105,14.702632,29.144737,34678.61538,68.673684,8502.230769,1343.394737,34.957895,8.379487,26.558974,22.1,34.864103,57.035897,5.002632,11.564103,0.005128,78.217949,1.841026,5.328205,10.261538,16.020513,13.602564,2.836842,9.302564,36.918257
338,15654.28846,276.290385,44.161538,15.109615,12.153846,47.913462,26.859615,3.207115,50800.77551,7.273077,10.775,10.082692,7.242308,17.325,28218.6,67.867308,5691.75,1007,30.951282,16.776923,37.703846,10.569231,15.778846,48.346154,4.627451,10.002083,1.191667,71.975,6.15,6.530769,21.878846,16.296154,18.055769,4.117308,8.444231,37.62679
339,18006.55102,479.734694,50.959184,16.665306,16.014286,52.167347,25.25102,2.898958,63567.4,3.858333,12.572917,14.0375,12.522917,26.560417,31255.74468,77.458333,7205.612245,1263.261905,35.071429,10.520408,31.189796,16.081633,26.087755,50.171429,4.410204,12.757143,0.640816,80.977551,2.853061,6.777551,18.706122,16.287755,12.74375,3.991667,8.936735,36.1663
341,18036.54167,478.404167,50.234783,16.456522,15.247826,60.126087,21.669565,2.833478,82262.8,5.308696,19.486957,14.152174,19.621739,33.773913,40294.86364,72.734783,7507.0,1491.777778,34.944444,7.552174,28.182609,21.173913,36.821739,50.347826,3.6,14.904348,0.182609,84.182609,2.065217,6.286957,19.0,10.873913,11.473913,6.421739,7.230435,35.591198
342,18258.5,637.7625,53.758333,17.939583,16.270833,54.475,23.05625,2.860625,71789.93478,2.652083,12.289583,16.491667,16.41875,32.910417,36918.74468,78.435417,7740.375,1412.581395,31.897561,7.85,26.504167,20.952083,35.879167,47.435417,3.754167,13.478261,0.254348,85.75,1.58125,4.1875,10.3875,14.25625,7.908333,2.275,9.783333,35.851859
344,14205.55882,167.167647,51.353125,16.771875,14.628125,49.9125,24.784375,2.867812,49656.75,4.921875,12.4125,10.8,6.61875,17.41875,26923.78125,77.2875,5882.0,926.645161,32.923333,11.415625,37.4,12.940625,20.246875,45.5375,7.05625,11.06875,0.60625,84.109375,1.365625,4.825,10.203125,18.665625,15.715625,1.696875,12.71875,37.0347
346,21881.30303,611.512121,48.30303,15.606061,11.454545,49.872727,26.675758,2.908182,62270.90625,4.021212,12.587879,13.412121,11.981818,25.393939,32280.875,78.248485,9067.878788,1190.666667,33.11,8.557576,33.660606,17.042424,25.6,52.536364,7.021212,10.539394,0.206061,86.045455,1.990909,5.730303,13.666667,17.342424,13.118182,1.654545,10.960606,36.978468
347,26135.15625,456.946875,42.587097,10.840625,8.76875,52.675,27.80625,3.3475,69805.12903,3.05,13.98125,16.5625,11.58125,28.14375,29814.64516,75.784375,8437.46875,1392.321429,34.281481,12.228125,31.659375,16.409375,24.728125,60.278125,5.375,12.396774,0.690323,69.51875,6.34375,10.325,28.3875,14.45625,10.73125,5.165625,8.5,38.004266
349,22622.63636,469.659091,47.513636,14.954545,12.554545,47.190909,28.359091,3.126818,59235.95455,4.168182,12.177273,14.3,10.672727,24.972727,30226.63636,72.645455,8732.272727,1225.181818,33.565,13.495455,30.068182,16.081818,25.472727,51.377273,5.363636,12.277273,0.513636,70.677273,3.104545,5.959091,18.727273,16.127273,14.231818,4.359091,9.472727,36.631664
350,8192.421053,162.533333,41.918182,12.205357,7.975,46.308929,29.060714,3.238491,58013.7451,4.980357,14.033929,13.896429,7.910714,21.807143,29297.62264,74.569643,3037.280702,848.723404,27.27027,16.505357,35.442857,10.9,16.496429,56.246429,10.142857,11.83,2.748,74.714286,1.214286,3.221429,5.678571,19.903571,15.042857,0.669643,7.207143,39.985713
351,8126.5,80.878571,41.648718,12.3725,8.345,48.81,27.05,3.267436,60303.83784,4.7675,12.7425,14.835,9.225,24.06,30472.81579,78.515,2974.595238,837.794118,26.407407,15.175,37.185,12.1875,17.9975,54.625,6.905128,11.179487,1.261538,80.535,1.325,2.8825,3.48,19.5925,15.465,0.835,7.945,39.798714
352,16343.83871,955.145161,37.877419,12.393548,5.980645,32.229032,44.551613,3.1875,57760.46429,5.964286,10.267857,10.925,13.175,24.1,30157.86667,55.732143,6595.129032,1004.25,33.064286,10.623333,24.373333,20.323333,35.453333,56.3,7.86,12.878571,0.164286,43.322581,1.722581,2.532258,3.719355,15.746667,20.846429,1.628571,5.935484,38.913987
354,7438.735294,176.411765,36.35625,11.951515,6.763636,39.506061,39.739394,3.556452,49545.51724,6.278125,11.328125,10.55625,8.375,18.93125,24857.33333,74.70625,2697.911765,804.16,35.368182,11.342424,36.536364,11.709091,20.012121,55.018182,6.851515,10.47,3.466667,57.642424,0.530303,2.336364,3.278788,18.584848,22.11875,0.390625,9.318182,38.472478
356,10438.37838,155.42973,41.836111,12.811111,8.294444,52.011111,27.719444,3.166857,55898.85294,4.631429,13.262857,12.411429,10.137143,22.548571,28037.74286,77.165714,4082.297297,706.875,27.055172,14.397222,35.525,15.741667,22.680556,55.702778,3.997222,12.335294,6.155882,80.697222,2.925,3.286111,5.119444,16.572222,13.64,1.3,7.036111,39.383689
357,8334.5,86.8125,44.678125,15.940625,8.253125,56.121875,23.978125,3.1125,62862.28125,5.078125,12.246875,13.08125,14.971875,28.053125,33790.75862,82.453125,3143.125,829.230769,26.873913,12.71875,33.99375,16.8,26.471875,55.9125,4.796875,10.825,3.521429,86.13125,1.165625,4.071875,3.2,17.4,10.89375,0.28125,9.50625,41.272324
358,18933.27273,483.581818,35.518182,9.845455,5.445455,38.945455,43.0,2.947,67447.1,5.18,10.48,15.98,16.24,32.22,32360.54545,50.34,8198.272727,986.2,27.75,8.52,18.4,24.67,42.09,62.590909,5.209091,9.37,0.39,56.045455,2.063636,5.945455,6.845455,13.118182,15.17,1.78,12.5,38.07871
359,7362.948718,49.730769,41.860526,13.4,8.281579,52.942105,25.263158,3.289211,47553.97222,7.742105,11.213158,11.821053,6.136842,17.957895,25557.5,77.413158,2693.589744,697.575758,30.290323,18.136842,35.489474,9.544737,15.647368,54.131579,4.884211,14.171053,6.526316,87.407895,3.821053,3.510526,7.986842,16.710526,17.331579,1.836842,7.15,41.540081
360,5269.754386,62.145614,41.680357,13.2,8.905357,43.214286,35.2125,3.394444,52677.64,6.787037,11.801852,12.22963,8.492593,20.722222,25699.43396,77.603704,1896.947368,754.113636,31.302703,15.189091,38.38,11.925455,18.829091,49.692857,5.387273,11.119231,5.034615,57.044643,0.528571,2.339286,2.233929,18.5,16.25,0.531481,7.645455,39.180801
361,13044.3125,669.66875,35.192857,8.678571,4.935714,33.764286,45.807143,3.338462,52875.38462,5.607692,11.630769,12.753846,7.107692,19.861538,25117.46154,40.784615,5108.3125,985.230769,33.161538,15.585714,25.8,16.107143,26.878571,55.071429,7.823077,8.976923,0.446154,35,1.542857,5.278571,7.814286,16.492308,19.746154,1.053846,13.035714,39.15233
363,7204.617647,43.688235,43.791176,14.979412,8.75,49.932353,25.717647,3.151471,50935.41176,4.779412,10.817647,12.647059,7.697059,20.344118,27639.61765,75.558824,2789.558824,735.709677,27.810345,16.826471,32.614706,10.926471,17.123529,55.338235,4.635294,11.366667,4.957576,76.064706,1.058824,3.367647,3.264706,20.523529,15.797059,0.491176,10.958824,37.398164
364,3198.21875,16.4875,44.696774,14.267742,10.606452,43.919355,31.987097,3.486774,42314.19231,7.96129,11.722581,9.5,4.270968,13.770968,25927.76667,75.170968,1185.03125,631.055556,30.321429,18.590323,44.512903,6.877419,10.893548,47.864516,9.780645,9.825,4.714286,70.348387,0.23871,1.103226,0.825806,19.187097,20.687097,0.083871,6.622581,37.713501
365,6755.133333,324.813333,45.353571,14.896552,11.55,51.875862,26.589655,3.256491,55483.34694,6.014035,12.091228,12.1,11.242105,23.342105,29191.05769,83.835088,2507.0,886.052632,32.615625,15.636207,36.410345,11.032759,18.810345,49.213793,6.094643,12.907273,2.389091,73.7,1.05,2.594828,2.593103,16.45614,15.354386,0.387719,9.125862,37.878009
366,13387.95238,556.614286,38.447368,12.447368,7.321053,32.021053,43.336842,3.247778,40454.27778,7.742105,8.315789,9.078947,6.142105,15.221053,23890.05263,53.015789,5243.142857,848.222222,43.527778,14.278947,32.221053,13.831579,22.289474,51.873684,7.852632,14.483333,0.161111,41.552632,0.926316,3.478947,2.684211,15.8,28.410526,0.678947,7.821053,37.499089
367,2315.75,7.581818,42.2,16.133333,7.711905,34.77381,37.978571,4.063659,38899.8,10.180952,9.630952,8.811905,4.669048,13.480952,23183.31707,76.547619,839.25,721.75,36.383333,19.116667,36.009524,7.745238,14.790476,44.509524,12.541463,8.661111,4.5,40.609524,0.140476,1.180952,0.807143,21.67381,23.788095,0.264286,7.257143,38.624945
368,10471.74074,167.255556,40.973077,13.026923,7.492308,47.073077,33.753846,3.2148,53052.52,5.452,11.172,12.852,9.064,21.916,27220.12,74.236,3940.185185,806.434783,29.29,13.373077,28.519231,14.119231,22.503846,55.542308,5.888462,9.888,2.124,59.842308,0.765385,2.388462,3.0,17.869231,17.3,0.848,9.919231,39.617367
370,16745.04688,106.01875,41.089062,13.126563,7.254688,55.546875,24.585938,3.164531,68495.96825,3.425,14.321875,16.695313,12.223437,28.91875,34070.59375,78.439063,6178.484375,1017.883333,28.623077,11.478125,35.960938,16.035937,24.829687,61.545313,4.285938,15.226563,5.30625,88.453125,1.201563,3.639063,4.375,15.5125,11.5,0.820313,9.273438,39.694903
371,15970.42553,144.717021,41.33617,13.197872,7.521277,53.655319,26.710638,3.151957,65318.58696,3.773913,14.704348,15.891304,11.447826,27.33913,32131.13333,78.536957,5827.12766,985.05,27.402632,12.210638,37.306383,15.787234,22.929787,60.019149,4.791489,14.559091,5.756818,86.138298,1.391489,3.76383,4.43617,16.140426,13.071739,0.8,9.470213,39.950456
372,20535.30435,910.021739,35.209524,10.390476,4.780952,35.133333,48.309524,2.8405,76798.2,3.366667,11.904762,16.228571,18.795238,35.02381,42094.2,47.895238,8752.434783,1389.4,33.415,7.638095,16.038095,37.714286,57.271429,71.538095,3.642857,19.13,0.265,63.619048,2.67619,4.157143,6.92381,10.357143,12.857143,2.652381,5.290476,38.417607
373,7804.792208,140.054545,44.315789,13.681579,9.826316,52.221053,25.715789,2.989189,54683.40278,6.104054,12.47027,12.372973,8.568919,20.941892,26529.55263,78.568919,3016.324675,779.333333,28.770175,16.665333,37.277333,11.968,19.024,53.777632,6.186842,13.618919,4.259459,90.623684,0.953947,3.961842,3.294737,21.021053,15.021622,0.541892,8.036842,41.977477
374,13345.75,637.53125,36.006667,12.08,6.2,34.706667,42.233333,3.1,48862.53333,7.38,9.56,11.766667,9.206667,20.973333,27744.06667,47.066667,5606.625,879.866667,30.54,13.16,27.746667,20.306667,31.02,62.126667,6.26,13.046667,0.04,58.0,2.04,5.326667,7.293333,15.88,21.193333,2.706667,6.993333,42.826209
376,12725.09091,248.236364,44.430303,13.80303,9.581818,52.790909,27.036364,2.853125,51734.06452,5.5375,12.878125,11.38125,7.5125,18.89375,25934.15152,76.40625,5326.878788,723.678571,28.257692,11.942424,35.730303,14.372727,23.990909,52.924242,5.490909,11.624242,3.184848,93.866667,0.50303,2.833333,2.260606,19.693939,14.225,0.23125,9.90303,42.883561
377,7356.166667,55.810417,44.31087,13.814894,10.840426,52.761702,23.285106,2.990851,49402.02222,5.793617,11.380851,11.131915,6.73617,17.868085,25332.86667,78.402128,2902.916667,731.756098,27.252778,17.310638,39.770213,9.631915,16.029787,54.076596,6.576596,12.326667,3.397778,95.491489,0.493617,2.168085,2.52766,23.348936,18.148936,0.531915,9.119149,41.912879
378,9463.896552,62.762069,44.761404,15.101754,9.264912,53.545614,23.275439,3.003333,50688.26786,5.894737,12.121053,12.019298,6.189474,18.208772,26368.36842,75.889474,3672.844828,735.037736,33.529167,16.117544,41.005263,10.007018,16.408772,52.542105,6.024561,12.164912,4.301754,94.24386,0.550877,2.796491,3.417544,21.942105,17.082456,0.742105,8.505263,41.928036
379,22634.21053,803.61579,37.255556,10.711111,6.644444,43.788889,36.227778,2.952778,61320.66667,4.938889,11.688889,14.744444,12.5,27.244444,33444.11111,57.766667,9208.842105,1013.555556,31.811111,8.622222,24.255556,23.388889,39.627778,63.222222,4.283333,13.961111,0.35,80.688889,1.222222,3.838889,4.344444,12.594444,17.461111,1.433333,7.155556,41.84881
380,8575.48,102.458,42.941304,14.754,8.81,47.882,28.702,3.023333,56515.02273,4.938776,11.45102,16.173469,7.910204,24.083673,31669.91111,73.428571,3169.76,819.804878,27.745,13.492,38.004,11.484,19.596,54.918,6.19375,12.293182,2.995455,70.192,1.14,2.938,2.962,20.059184,12.502041,0.369388,8.312245,38.961022
381,23408.54839,1005.9,35.4,11.096552,5.910345,33.468966,46.917241,3.33,56239.44444,6.748148,9.985185,11.222222,11.622222,22.844444,31586.21429,51.414815,9031.580645,1069.148148,35.67037,12.689655,28.144828,16.972414,29.117241,60.7,10.503448,15.425926,0.2,37.889655,3.089655,2.334483,6.627586,13.375862,24.203571,1.803704,6.141379,39.661829
382,4018.821429,18.042857,44.825926,14.092593,10.42963,53.425926,21.603704,3.005926,44714.66667,5.992593,11.792593,8.440741,5.02963,13.47037,26277.11111,75.514815,1605.642857,659.461538,28.229167,14.748148,45.17037,10.585185,16.059259,51.418519,4.962963,11.818519,5.425926,89.381481,0.97037,3.2,3.403704,23.177778,17.248148,0.32963,8.5,39.125494
383,4737.360656,29.944262,44.646667,13.845,10.055,54.016667,23.355,3.096333,48357.5,7.506667,11.865,10.261667,4.765,15.026667,26082.35593,77.705,1843.934426,716.102041,28.080952,13.788333,44.19,9.931667,15.178333,53.386667,4.946667,11.191525,5.083051,86.533333,0.463333,3.003333,2.246667,19.235,15,0.166667,7.63,39.234911
384,5599.235294,22.8,42.523529,14.535294,6.905882,51.723529,25.035294,3.187647,53359.48387,5.605882,13.388235,14.385294,8.067647,22.452941,28504.65625,81.347059,2119.323529,709.88,23.979167,16.176471,43.761765,9.505882,14.035294,56.808824,5.202941,13.576471,11.261765,92.705882,0.320588,2.435294,2.214706,16.191176,14.079412,0.602941,7.538235,39.872789
385,5201.297872,202.642553,44.672727,15.271111,11.935556,55.815556,21.388889,3.084318,47140.14634,6.015909,11.861364,9.572727,6.797727,16.370455,25113.5814,78.390909,2114.723404,713.314286,38.480769,15.342222,42.686667,10.34,16.484444,49.751111,6.586364,14.530952,9.345238,94.455556,0.986667,3.033333,2.56,20.837778,14.711364,0.281818,9.128889,40.434599
386,7979.735849,90.590566,38.975472,12.201887,7.873585,42.101887,36.39434,3.300577,45866.2549,7.811538,11.363462,10.357692,6.207692,16.565385,24379.51923,70.325,2910.075472,784.476191,31.320513,19.096154,33.259615,10.101923,15.905769,54.901887,7.128302,12.955769,2.884615,54.079245,1.796226,2.484906,3.7,17.324528,21.690385,0.967308,5.549057,38.971109
387,2655.125,29.2425,38.291667,13.375,7.3075,27.705,46.1275,3.843421,35413.6,10.4,11.833333,5.933333,4.925641,10.858974,19048.11765,62.351282,955.525,594.592593,36.045455,22.961538,29.987179,9.258974,15.528205,47.8325,7.653846,12.345161,0.774194,27.8025,1.0875,1.1325,1.68,21.9125,29.041026,0.148718,4.08,39.048722
388,6344.658537,39.687805,40.809756,12.434146,10.034146,54.087805,24.27561,3.153659,51635.23077,7.741463,15.597561,10.407317,5.997561,16.404878,27464.82051,78.187805,2415.97561,692.636364,26.590323,18.446341,33.178049,10.292683,15.960976,55.87561,3.94878,11.997436,3.810256,79.62439,1.736585,2.2,2.890244,18.063415,16.687805,1.185366,6.573171,38.575799
389,2829.513514,11.972973,42.561111,13.822222,8.791667,39.655556,35.711111,3.46,40581.13793,10.013889,10.811111,6.733333,4.244444,10.977778,22088.41176,71.655556,1050.540541,697.833333,29.09,20.908333,35.819444,9.222222,14.391667,53.794444,9.016667,11.16,4.165714,53.05,0.858333,1.611111,1.558333,18.372222,23.377778,0.525,4.247222,37.612785
390,7916.638889,31.627778,39.42,12.194286,7.957143,40.102857,37.951429,3.476765,45457.45161,6.467647,9.114706,9.947059,5.729412,15.676471,24159.36364,74.023529,2912.416667,739.62069,33.359259,20.076471,30.75,11.320588,18.164706,50.485714,8.067647,11.687879,3.978788,42.28,1.0,1.654286,2.194286,18.342857,22.905882,0.626471,4.882857,37.771395
391,6607.27907,57.44186,39.468293,12.680488,7.058537,40.395122,36.892683,3.3485,43546.4,7.895,9.39,9.94,6.525,16.465,23285.1,73.345,2369.883721,715.5,33.1,16.292683,31.890244,12.529268,17.970732,47.556098,6.946341,12.765789,5.223684,49.941463,0.546341,1.2,1.34878,21.234146,25.241463,0.4575,4.921951,38.659402
392,13039.41176,721.005882,32.55,9.09375,5.025,28.83125,51.775,3.102857,46554.57143,6.546667,8.62,9.266667,6.113333,15.38,27343.5,43.886667,5103.705882,954.357143,34.271429,11.15,19.2375,23.36875,41.63125,56.2875,9.51875,15.1,0.692857,29.6625,0.86875,1.1,1.71875,11.26875,26.913333,0.486667,5.06875,38.894543
393,4969.2,21.1475,41.533333,13.317949,8.174359,41.525641,34.105128,3.325526,41884.14706,10.357895,11.194737,8.365789,6.855263,15.221053,23270.28205,78.910526,1858.2,692.966667,38.720833,15.35641,34.517949,11.620513,17.587179,53.402564,6.212821,11.9,6.826316,55.648718,0.523077,1.635897,1.45641,22.047368,21.144737,0.355263,9.825641,37.122038
394,10492.25,90.647222,39.063889,12.722222,7.688889,48.772222,30.008333,3.282,47510.58824,6.857143,10.005714,13.282857,7.094286,20.377143,24684.05556,79.937143,3853.722222,742.129032,35.814815,14.025,33.786111,11.380556,17.983333,53.783333,6.272222,14.105714,6.834286,73.863889,0.686111,1.783333,3.138889,19.669444,18.211429,0.422857,7.311111,37.96388
395,14629.17857,275.453571,38.944444,11.514815,7.944444,44.196296,33.718519,3.1276,52793.96,4.944,12.4,12.336,8.528,20.864,27431.7037,69.636,5586.75,909.608696,33.35,11.755556,28.007407,16.425926,23.762963,61.837037,7.788889,12.442308,1.157692,70.637037,1.766667,4.414815,5.814815,18.9,17.484,1.324,17.6,38.596426
396,4936.846154,41.1,40.003846,14.476923,7.730769,45.55,32.026923,3.378462,35879.56522,11.742308,8.7,6.792308,5.273077,12.065385,22782.0,78.05,1883.730769,705.842105,40.135714,16.134615,37.311538,7.707692,13.75,48.596154,7.657692,12.972,8.836,53.984615,0.480769,1.403846,0.553846,20.338462,28.211538,0.226923,6.803846,37.505811
397,5590.866667,62.38,42.9,13.024138,10.462069,46.841379,31.244828,3.113214,44524.10714,7.792857,10.942857,9.867857,5.367857,15.235714,24953.58621,74.360714,2209,632.142857,29.541176,16.141379,36.2,11.917241,19.124138,49.7,7.334483,11.646429,5.771429,60.02069,0.603448,1.489655,1.275862,18.47931,18.632143,0.632143,7.355172,38.321323
398,3459.935484,11.964516,43.953333,16.596774,9.706452,41.574194,32.745161,3.308667,41016.14286,6.367742,10.067742,9.8,5.409677,15.209677,23267.1,70.112903,1272.193548,642.185185,29.444,18.803226,38.412903,9.574194,14.709677,52.248387,7.6,10.586667,4.106667,51.43871,2.132258,2.051613,5.748387,17.883871,22.280645,0.793548,6.145161,38.353839
400,5540.857143,177.74898,43.297917,13.116327,8.155102,53.771429,25.120408,3.129556,75917.4186,3.43913,16.228261,14.647826,15.069565,29.717391,34325.47826,81.863043,2028.693878,900.277778,27.725806,12.353061,35.573469,12.571429,23.838776,55.373469,4.555319,10.790698,8.953488,92.495918,0.589796,2.769388,2.687755,20.704167,15.102083,0.554348,7.236735,39.343501
401,4900.354839,64.287097,42.109677,13.441935,8.664516,47.86129,26.525806,3.358065,55987.4,6.087097,10.603226,13.787097,7.6,21.387097,27859.8,76.377419,1803.0,811.833333,25.942857,13.409677,44.254839,8.832258,14.416129,54.635484,7.970968,9.041379,9.917241,93.170968,0.509677,3.325806,3.464516,23.216129,18.280645,0.245161,11.425806,38.927352
402,22669.11765,1142.735294,37.49375,11.51875,6.315625,39.790625,39.2875,3.003548,60195.96774,7.703125,11.59375,13.48125,11.196875,24.678125,33274.40625,56.475,9358.294118,991.233333,29.52,9.546875,25.515625,20.84375,35.125,65.134375,5.990625,10.690323,0.180645,68.096875,1.278125,4.7625,5.80625,14.540625,18.628125,2.4375,6.6125,38.654161
403,8863.55,114.36,43.22973,16.4525,9.3825,51.805,24.7025,3.044872,55339.36364,5.5775,10.7475,12.63,5.9225,18.5525,26849.27778,73.9925,3365.7,703.75,30.253333,20.5175,37.0675,9.615,16.8725,52.2225,5.221053,11.748571,9.311429,92.6925,0.4725,2.225,1.7975,22.2775,18.065,0.3325,8.89,40.094405
404,7765.0,131.04,40.434783,11.252174,7.86087,52.482609,25.456522,3.036364,47693.95238,8.936364,11.695455,9.495455,5.318182,14.813636,23461.0,80.309091,2985.36,672.0625,27.25,18.404348,43.273913,10.956522,16.856522,52.5,6.743478,12.259091,9.686364,95.486957,0.452174,1.673913,1.243478,20.404348,20.813636,0.35,5.908696,39.947326
405,20153.4375,1685.99375,35.993333,10.6,6.32,41.08,41.246667,2.915,70578.64286,3.692857,12.192857,15.6,17.857143,33.457143,32910.93333,57.1,8414.3125,989.923077,29.369231,7.786667,18.06,24.953333,48.686667,63.026667,5.1,13.578571,1.307143,75.36,2.373333,4.78,6.206667,12.586667,16.407143,2.95,5.773333,39.789075
406,51377.0,91.2,40.7,13.2,7.6,46.4,31.0,2.76,59667,3.7,16.2,15.2,8.4,23.6,33913.0,62.7,22318.0,834,23.4,9.2,30.7,17.6,29.4,61.7,4.8,5.05,1.1,81.9,2.2,4.5,3.8,17.4,13.1,1.9,7.0,40.034033
407,10047.54545,49.463636,40.109091,11.418182,6.072727,49.109091,25.554545,3.120909,40965,9.245455,8.045455,8.572727,4.972727,13.545455,20548.54545,71.272727,3656.909091,667.3,29.7875,21.4,41.736364,6.563636,12.027273,45.263636,6.3,11.35,3.116667,97.209091,0.245455,1.918182,1.6,22.345455,28.645455,0.063636,4.863636,40.1281
408,865.702703,87.291892,47.151429,19.32,10.38,46.048571,27.345714,3.040909,35017.88462,9.174286,10.377143,5.782857,0.84,6.622857,20411.3871,76.742857,333.054054,604.416667,36.11,25.131429,38.18,2.465714,7.437143,38.771429,11.297143,6.904167,0,96.028571,0.197143,2.391429,0.274286,31.334286,33.262857,0.091429,4.791429,41.424096
409,2111.1,18.683333,42.676923,17.107407,9.859259,45.3,22.733333,3.2875,33022.08696,14.277778,4.733333,4.288889,1.403704,5.692593,18425.24,67.877778,773.033333,541.818182,33.411111,33.755556,38.940741,5.47037,9.411111,34.992593,7.670833,11.68,0.79,96.585185,0.162963,2.274074,1.492593,22.925926,33.737037,0,3.777778,40.601291
410,9807.0,354.773585,39.781132,12.741509,6.709434,51.25283,27.698113,3.158868,64085.44231,4.458491,12.666038,17.354717,10.983019,28.337736,31901.26923,75.596226,3770.0,796.27451,26.253191,12.739623,37.098113,14.303774,22.666038,61.911321,4.488679,10.70566,7.539623,93.324528,1.079245,3.049057,2.635849,15.998113,14.090566,0.556604,7.44717,39.598842
411,4935.555556,94.014815,42.755556,12.781481,9.933333,52.57037,23.151852,3.61037,42919.72,5.648148,8.892593,8.277778,4.87037,13.148148,22219.03704,79.822222,1828.592593,702.25,58.214286,22.837037,40.718519,5.8,9.588889,41.72963,7.296154,9.983333,4.808333,97.651852,0.140741,1.314815,0.574074,23.711111,23.492593,0.018519,6.688889,39.859287
412,1680.103448,68.368966,39.575862,13.393103,6.22069,53.789655,25.544828,3.473793,43555.28,7.437931,11.727586,9.917241,3.582759,13.5,21097.64286,71.737931,581.551724,659.571429,38.36,21.803448,38.9,7.013793,12.17931,43.055172,5.068966,8.45,0.473077,95.541379,0.093103,1.651724,0.696552,26.396552,22.737931,0.534483,3.786207,40.089539
413,1727.105263,8.442105,48.5,21.216667,8.077778,44.788889,27.655556,2.9675,32935.38462,8.916667,6.472222,8.661111,2.138889,10.8,18658.8125,78.755556,657.894737,448.4,30.44,26.95,39.944444,3.666667,7.888889,35.333333,13.35,6.345455,6.318182,98.266667,0.144444,1.205556,0.194444,35.155556,27.788889,0.05,3.861111,40.015999
414,3986.666667,14.75,47.283333,15.85,6.7,53.266667,22.933333,3.045,29222,9.383333,6.15,6.466667,3.933333,10.4,18296.16667,84.383333,1385.833333,855.666667,40.9,26.466667,42.416667,8.566667,13.116667,33.616667,11.333333,6.55,8.816667,97.1,1.2,0.433333,2.183333,31.3,28.9,0,5,41.140709
415,1619.368421,55.418421,46.8,19.373684,9.763158,57.344737,18.515789,2.933158,42017.0625,5.978947,9.978947,7.871053,2.65,10.521053,22617.14706,80.794737,655.236842,647.2,37.657143,22.181579,45.502632,4.976316,12.073684,39.171053,9.480556,3.096774,0.019355,97.410526,0.047368,1.281579,0.823684,32.226316,20.955263,0.073684,6.015789,40.659478
416,1077.588235,47.097059,42.302941,14.417647,9.120588,49.458824,23.467647,3.093824,39020.125,8.273529,9.732353,9.261765,1.194118,10.455882,21233.93333,74.302941,421.882353,732.2,45.681818,25.552941,40.55,6.161765,13.052941,38.017647,8.602941,10.525,0.028571,96.941176,0.011765,1.408824,0.497059,27.885294,30.408824,1.320588,5.535294,40.123196
417,1216.121212,29.784848,41.217241,13.041935,7.190323,48.73871,23.009677,3.385,39743.52174,6.464516,9.348387,10.322581,3.096774,13.419355,22038.23077,85.303226,457.484848,733.857143,27.033333,22.345161,37.090323,5.625806,13.048387,48.16129,11.79,5.428,0,95.858065,0.351613,2.177419,0.677419,32.883871,24.193548,0,6.287097,40.274751
418,829.515152,27.127273,46.153125,14.38125,10.596875,53.215625,22.6375,3.104687,40024.36,6.98125,8.96875,5.334375,2.11875,7.453125,20640.3,76.13125,321.787879,526.4,30.383333,26.85,35.1625,5.265625,11.384375,40.675,8.771875,9.576923,0,98.44375,0.053125,0.70625,0.4125,34.6375,28.021875,0.015625,3.459375,40.652569
420,4638.791667,26.908333,43.508696,15.330435,8.036957,50.132609,25.865217,3.08087,51592.40476,6.719565,11.780435,12.323913,6.869565,19.193478,25888.22727,79.954348,1827.395833,680.947368,29.568966,10.928261,41.636957,9.263043,15.823913,53.726087,4.693478,12.966667,6.747619,91.473913,0.495652,4.026087,2.252174,20.780435,17.293478,0.18913,8.317391,39.152319
421,8569.178571,33.307143,41.514286,11.539286,8.425,55.25,25.175,2.990357,52248.61538,3.753571,11.175,12.114286,7.557143,19.671429,26964.6,75.221429,3284.571429,754.31579,46.872222,16.067857,39.910714,10.928571,18.328571,61.239286,5.278571,14.008696,13.913043,94.117857,0.310714,2.378571,2.982143,18.310714,15.335714,0.535714,6.35,39.511329
422,5189.8,29.93,40.296667,11.216667,8.2,54.41,23.51,3.188333,53181.81481,6.776667,13.463333,13.396667,5.936667,19.333333,29503.34483,74.786667,1887.166667,726.416667,24.02,17.483333,39.67,10.796667,17.45,56.236667,5.06,11.22069,11.527586,89.153333,0.703333,3.36,3.82,19.286667,16.433333,1.293333,8.17,39.428713
423,4402.4,107.68,43.9475,14.36,8.5025,52.9025,23.2475,3.077692,55175.75758,8.3,10.282051,13.548718,7.097436,20.646154,26316.91667,84.069231,1703.775,685.407407,26.371429,15.4075,42.3525,7.8075,14.88,54.415,4.7175,9.608824,6.058824,94.885,0.295,1.85,1.15,22.6575,16.705,0.351282,6.605,39.019691
424,4690.214286,33.939286,42.592593,15.092593,7.977778,53.214815,24.655556,3.011111,50480.96296,5.011111,13.762963,11.22963,6.622222,17.851852,27120.18519,77.740741,1857.892857,681.478261,31.255,12.096296,44.922222,8.007407,12.862963,55.42963,4.77037,10.807692,4.876923,92.414815,0.585185,1.966667,1.97037,28.57037,16.455556,0.133333,7.396296,39.775125
425,5697.5,38.892857,43.614286,14.85,10.221429,48.964286,24.985714,3.171429,41136,7.885714,9.885714,8.771429,5.635714,14.407143,20463.0,78.478571,2208.214286,714.181818,36.34,22.771429,37.885714,8.278571,12.735714,46.764286,8.078571,13.328571,10.678571,96.65,0.285714,2.064286,1.478571,22.685714,28.042857,0.592857,8.871429,39.796244
426,5199.666667,71.266667,41.891667,12.308333,8.775,52.666667,24.325,3.145,36297,8.266667,6.566667,7.591667,3.425,11.016667,19451.3,70.616667,1980.166667,548.9,24.542857,19.916667,43.066667,5.2,8.816667,42.925,5.054545,11.545455,5.845455,95.066667,0.525,1.575,1.666667,19.691667,30.641667,0.2,7.0,40.275359
427,5508.088235,22.741176,40.867647,12.885294,7.638235,52.102941,24.797059,3.335588,49103.37931,6.282353,13.441176,12.908824,6.464706,19.373529,28094.12903,79.385294,2113.647059,653.333333,24.090476,15.032353,44.288235,7.285294,13.861765,57.417647,5.55,12.558065,15.551613,92.385294,2.697059,1.955882,3.223529,18.911765,16.997059,0.597059,8.544118,39.341036
430,14386.12903,263.577419,40.639344,12.813115,8.255738,53.714754,25.844262,3.131,83582.41071,2.257377,15.468852,17.311475,17.365574,34.677049,40711.92593,76.662295,5427.112903,1003,23.372917,6.639344,34.711475,19.318033,29.114754,65.986885,4.752459,11.968519,3.038889,91.242623,0.657377,2.908197,1.806557,12.832787,8.293443,0.668852,8.572131,39.614866
431,9563.891304,216.2,40.067391,11.886957,7.793478,51.132609,26.202174,3.057174,67275.15909,3.363043,14.123913,17.35,9.917391,27.267391,33934.35556,73.343478,3614.978261,869.047619,26.568421,11.7,40.773913,13.080435,19.486957,60.241304,5.366667,9.2,2.421429,91.267391,1.182609,3.423913,2.063043,15.43913,14.008696,0.58913,7.76087,39.833654
432,28144.3,1726.61,33.303448,9.248276,4.637931,33.972414,48.106897,3.057586,55368.31034,5.741379,11.717241,12.331034,10.417241,22.748276,33208.75862,41.289655,11706.56667,1009.655172,31.272414,10.193103,25.155172,23.527586,39.355172,67.582759,6.062069,11.948276,0.031034,58.482759,2.448276,6.106897,6.286207,12.382759,22.82069,3.651724,5.251724,38.801032
433,4515.975,93.8125,41.371795,13.679487,7.164103,54.933333,24.384615,3.019744,62151.75676,3.510256,15.702564,13.969231,7.617949,21.587179,33112.84211,75.1,1764.125,781.542857,24.306667,8.889744,46.992308,9.789744,13.851282,61.515385,3.069231,10.382353,4.95,94.094872,0.792308,3.807692,2.141026,14.066667,14.851282,0.335897,7.951282,39.549211
434,3767.27907,314.162791,44.04878,15.87381,10.604762,50.557143,29.6,2.927561,67357.78947,3.22619,13.728571,16.742857,9.064286,25.807143,33411.92683,79.816667,1533.860465,772.65625,25.536667,6.080952,41.12619,13.635714,20.55,60.716667,4.831707,8.708571,3.2,91.311905,2.345238,4.352381,7.335714,15.657143,8.283333,0.195238,9.369048,38.621271
435,5723.207547,142.101887,39.894118,14.194231,7.446154,57.267308,26.044231,3.039808,71547.30612,3.117308,13.703846,15.955769,12.286538,28.242308,33922.80392,81.798077,2283.981132,812.631579,25.186111,7.411538,38.990385,12.230769,19.944231,64.461538,4.372549,10.64,4,91.711538,1.609615,4.673077,7.275,13.517308,8.321154,0.430769,8.759615,38.309931
436,19413.05882,1196.805882,36.911765,11.764706,6.188235,36.429412,42.158824,3.039412,48452.41176,7.405882,11.047059,10.994118,7.358824,18.352941,27888.52941,55.905882,8227.764706,772.647059,31.776471,12.923529,31.723529,14.4,22.770588,61.429412,9.135294,9.105882,0.023529,62.182353,2.476471,6.005882,7.747059,17.4,23.6,0.864706,6.247059,38.753055
437,3363.803571,90.966071,43.869091,14.601786,9.948214,51.507143,27.841071,3.226786,53501.25532,3.980357,13.057143,11.625,5.551786,17.176786,26961.43396,79.926786,1315.410714,713.921053,31.926667,14.107143,47.398214,8.457143,12.398214,54.769643,8.481818,8.468085,6.208511,95.607143,0.744643,1.758929,0.519643,17.832143,14.491071,0.214286,9.144643,40.110455
438,3834.823529,64.905882,44.029412,17.270588,8.135294,57.135294,22.958824,3.135882,52062.3125,7.594118,12.164706,13.376471,6.976471,20.352941,29329.0625,81.611765,1473.823529,718.214286,28.630769,16.358824,45.023529,13.305882,18.123529,56.417647,4.488235,10.06,7.18,97.088235,0.123529,1.964706,0.541176,18.217647,15.341176,1.711765,7.952941,40.011913
439,3086.745455,150.692727,46.681818,16.129091,8.085455,50.585455,26.785455,2.942222,55708.60377,4.701818,15.021818,12.352727,5.496364,17.849091,29160.5,77.174545,1232.981818,676.236842,26.976471,9.087273,50.236364,8.234545,12.916364,56.018182,4.636364,5.767442,2.54186,96.143636,0.194545,1.961818,0.623636,17.810909,13.718182,0.021818,8.458182,39.831345
440,15177.40351,298.3,43.263158,14.045614,8.212281,52.708772,28.273684,3.085789,72887.14545,2.95614,14.4,16.27193,14.250877,30.522807,35253.08772,79.578947,6079.473684,972.528302,29.620833,10.214035,33.787719,16.463158,26.235088,62.684211,4.752632,10.453571,1.544643,90.192982,0.766667,3.984211,4.252632,12.303509,10.991228,1.331579,7.914035,39.89356
441,24965.02083,1479.60625,40.29375,13.091667,7.175,37.066667,41.90625,3.054681,57840.34043,5.602128,11.16383,12.685106,11.989362,24.674468,32849.60417,56.621277,10939.08333,938.382979,31.940426,10.341667,28.233333,18.65625,32.170833,61.4875,8.444681,11.085417,0,56.210417,1.779167,4.777083,5.752083,15.223404,18.83617,2.602128,6.202083,38.405827
442,13035.0,355.702273,42.890698,13.548837,8.581395,54.125581,27.851163,2.996429,78177.2619,3.188095,13.72381,20.733333,14.680952,35.414286,36177.81395,80.435714,5222.204545,955.846154,26.452778,6.918605,34.576744,18.511628,29.251163,65.286047,4.318605,10.87381,1.57381,93.123256,0.393023,2.874419,1.97907,12.651163,7.497619,0.388095,7.232558,39.095136
443,14762.38889,1120.177778,36.272222,10.988889,6.088889,31.55,48.511111,2.931176,48063.52941,7.6,10.964706,9.982353,7.5,17.482353,26570.61111,48.641176,6368.888889,837.176471,32.994118,9.755556,30.055556,15.655556,25.516667,62.0,7.888889,10.035294,0.035294,62.716667,0.65,5.955556,3.105556,14.855556,24.911765,2.452941,6.25,38.128975
444,6443.980769,161.925,44.982353,15.0,9.382353,53.109804,26.12549,3.01549,58111.53061,3.684314,13.709804,15.488235,7.696078,23.184314,30371.2549,79.627451,2665.096154,713.651163,27.540541,10.041176,44.543137,12.24902,19.105882,57.809804,4.541176,9.735417,1.71875,93.390196,0.447059,2.882353,2.121569,15.198039,12.194118,0.382353,9.192157,39.690454
445,11936.61538,763.007692,38.853846,13.261538,6.461538,27.723077,50.346154,2.9175,36966.08333,8.958333,6.916667,7.1,4.3,11.4,20292.38462,53.758333,5169.153846,643.416667,34.783333,13.276923,37.084615,18.161538,23.353846,53.1,12.376923,9.791667,0.025,55.8,2.792308,6.484615,10.330769,21.707692,32.683333,2.441667,6.2,36.37814
446,6346.513889,216.751389,41.980556,13.627778,8.606944,56.552778,26.033333,3.15875,63405.70149,3.573611,15.475,15.694444,8.880556,24.575,31955.53623,76.923611,2465.763889,774.157895,24.059615,15.316667,46.445833,10.111111,15.469444,63.127778,3.413889,10.277778,3.64127,96.840278,0.315278,1.9375,1.204167,13.461111,9.938889,1.418056,6.616667,40.069314
447,13659.71429,875.978571,40.907143,13.392857,8.2,39.185714,37.557143,2.956429,48600.85714,6.164286,11.492857,10.457143,7.314286,17.771429,27801.35714,57.614286,5788.357143,738.714286,31.314286,9.935714,38.15,12.878571,19.685714,59.321429,8.65,8.521429,0.242857,75.1,0.778571,6.407143,3.071429,16.707143,22.2,0.585714,8.107143,40.756795
448,5890.571429,122.392857,42.453571,14.280357,7.573214,55.869643,24.451786,2.99125,62050.09259,2.75,15.014286,15.932143,6.430357,22.3625,31690.83636,77.278571,2382.125,763.854167,22.980952,9.807143,45.958929,11.225,16.032143,62.9,4.380357,9.681633,5.161224,94.25,0.948214,3.1125,3.448214,13.769643,11.6375,0.344643,8.508929,39.30771
449,13375.42857,410.1,40.633333,12.783333,7.566667,41.55,34.483333,3.043333,47408.33333,5.816667,11.65,9.866667,6.116667,15.983333,24008.5,60.95,5382.857143,704,30.016667,12.5,40.65,10.933333,16.533333,53.566667,5.7,7.442857,0.357143,79.883333,0.816667,4.85,3.05,19.616667,19.166667,0.55,8.35,39.190825
450,19132.21212,372.318182,40.8875,11.524242,7.530303,48.618182,28.975758,3.104687,78312.06452,2.639394,15.366667,17.718182,16.363636,34.081818,36736.625,74.412121,7026.484848,1022.730769,25.108,8.745455,38.360606,18.124242,28.49697,63.018182,4.59375,10.02,0.913333,90.627273,0.812121,3.281818,2.572727,15.766667,10.621212,1.027273,9.687879,40.17207
451,7227.854167,194.65625,41.247826,13.359574,6.434043,50.67234,27.117021,3.119565,65214.72093,4.468085,14.051064,15.676596,8.902128,24.578723,32142.22727,72.391489,2789.958333,828,26.514286,15.829787,38.968085,11.625532,17.512766,61.27234,5.793478,11.2025,3.715,96.055319,0.255319,2.234043,1.182979,18.317021,13.546809,0.146809,9.631915,40.544389
452,17721.15217,1234.841304,36.81087,11.354348,5.902174,38.828261,43.147826,3.050889,63702.68889,4.584444,11.208889,14.162222,15.086667,29.248889,36089.73333,55.246667,7461.73913,918.311111,29.515556,9.367391,25.71087,23.569565,39.223913,64.558696,5.782222,11.62,0.048889,63.095652,1.208696,4.558696,3.854348,12.246667,18.073333,1.384444,5.904348,39.618075
453,6468.246753,196.631169,40.581818,12.823377,7.294805,56.566234,25.819481,3.086623,68140.58442,2.757143,16.548052,17.702597,9.574026,27.276623,34233.84416,77.845455,2597.168831,802.102941,21.708197,7.748052,40.976623,12.718182,20.564935,65.298701,4.38961,9.943662,3.823944,93.818182,0.567532,2.528571,2.397403,12.779221,9.533766,0.307792,8.480519,39.839283
454,16195.93333,1070.41,38.565517,10.975862,7.489655,38.324138,41.458621,3.038519,60492.07692,4.814815,12.037037,12.6,11.240741,23.840741,30291.7931,56.048148,6807.3,907.192308,31.176,8.82069,27.624138,20.244828,32.213793,59.57931,9.055172,9.761538,0.046154,68.006897,1.303448,4.696552,3.955172,16.613793,21.167857,1.292593,11.206897,39.933927
455,16722.16667,346.45,40.08,13.08,7.72,44.36,32.88,2.972,53432,5.1,12.68,12.52,7.9,20.42,29270.8,65.6,6781.166667,754.8,29.76,11.5,37.78,11.14,18.52,59.6,7.44,8.92,0.88,81.26,0.68,5.24,3.66,16.3,15.98,0.56,9.26,40.533188
456,5247.0,87.014062,41.581667,12.643333,7.765,50.826667,27.268333,3.239831,50429.35849,6.623729,11.625424,13.879661,6.177966,20.057627,26300.89474,76.798305,2000.609375,728.45098,37.982927,14.835,45.716667,8.52,13.416667,51.905,6.00339,8.663158,4.652632,94.986667,0.315,2.41,0.956667,21.20339,18.023729,0.086441,8.031667,39.691999
457,3205.085106,78.397872,43.834783,12.836957,7.98913,45.878261,29.569565,3.161957,48432.625,4.573913,11.558696,11.332609,5.965217,17.297826,27496.20455,78.234783,1228.446809,723.714286,30.166667,12.293478,44.197826,8.569565,14.33913,53.230435,4.933333,8.642857,3.919048,96.508696,0.256522,2.091304,2.815217,21.069565,17.6,0.223913,7.865217,39.558307
458,4458.109756,136.909756,41.130488,13.730488,6.982927,57.469512,24.941463,3.042683,68711.62963,2.407317,16.510976,17.697561,8.465854,26.163415,33985.38272,81.885366,1769.073171,748.101449,20.61746,7.760976,44.281707,11.60122,17.658537,64.469512,3.984146,10.438028,5.028169,94.462195,1.478049,2.209756,3.50122,13.59878,8.513415,0.458537,7.352439,38.900616
460,13549.34091,256.879546,40.286364,11.877273,6.388636,54.111364,27.406818,3.046136,75531.2381,3.634091,15.861364,16.584091,14.654545,31.238636,37626.30233,76.906818,5089.090909,967.804878,25.385,8.322727,33.884091,19.604545,29.775,65.945455,6.381818,11.719048,2.285714,90.772727,1.029545,3.002273,4.134091,13.488636,11.093182,0.704545,7.465909,37.104194
461,9322.887097,274.737097,40.123729,13.046667,7.0,57.161667,23.526667,3.191167,73079.57895,3,16.45,19.555,10.615,30.17,35960.42373,79.711667,3506.483871,944.795918,24.732558,9.593333,41.263333,14.073333,20.646667,64.98,4.09661,11.109259,3.901852,94.646667,0.423333,2.75,2.026667,12.983333,8.285,0.281667,7.96,37.177842
462,25674.81579,1006.644737,35.589189,10.418919,6.191892,39.402703,41.408108,3.225833,61745.02778,3.997297,12.018919,13.667568,13.286486,26.954054,36059.86486,58.191892,10295.68421,1045.805556,31.228571,11.532432,25.162162,22.37027,37.921622,67.232432,5.3,11.443243,0.040541,61.075676,3.510811,5.362162,9.562162,12.751351,14.489189,2.813514,6.191892,37.22578
463,15182.62222,377.346667,43.517778,14.5,9.066667,49.8,29.94,3.108222,69729.95349,2.58,14.726667,17.84,11.851111,29.691111,36123.15556,79.006667,5790.155556,961.054054,28.974286,10.744444,40.137778,13.037778,20.56,58.253333,5.086667,8.627907,1.176744,83.597778,4.8,4.331111,11.793333,16.215556,11.297778,1.306667,7.98,36.906008
464,13908.22222,592.733333,36.966667,12.966667,6.711111,27.544444,45.855556,3.273333,38486,7.766667,8.588889,8.211111,3.866667,12.077778,24506.55556,52.922222,5569.333333,893,38.455556,14.6,41.455556,8.933333,13.877778,53.388889,13.822222,11.466667,0,24.755556,4.077778,6.922222,12.122222,16.222222,28.822222,0.8,7.3,37.141776
465,10233.3125,190.339583,38.504348,12.815217,6.756522,53.313043,28.356522,3.26413,64533.33333,3.56087,15.093478,17.186957,9.317391,26.504348,33035.62222,78.313043,3683.645833,821.209302,25.012195,16.31087,37.973913,12.582609,19.647826,63.723913,5.736957,11.088372,3.62093,91.952174,1.530435,3.636957,6.532609,13.856522,11.469565,2.230435,6.602174,38.487245
466,13414.54545,1025.536364,41.509091,11.763636,6.245455,43.645455,36.436364,3.1,52310.3,4.036364,11.363636,12.863636,8.027273,20.890909,28949.36364,58,5422.181818,925.363636,31.366667,9.981818,25.990909,18.590909,36.454545,57.190909,5.41,10.65,0.06,69.654545,3.545455,6.745455,10.7,17.2,17.154545,1.727273,8.563636,37.705138
467,5441.435484,85.620968,40.880328,12.322581,8.409677,55.175806,24.266129,3.073226,66187.22807,2.645161,16.717742,15.23871,8.070968,23.309677,33553.43333,84.112903,2064.741935,825.122449,23.895455,12.429032,40.667742,11.895161,17.941935,63.303226,3.406557,10.655357,5.551786,94.793548,0.770968,3.630645,3.564516,13.996774,7.985484,0.969355,8.080645,38.724876
468,20395.5,690.675,35.6625,10.68125,5.76875,45.43125,35.0875,3.125,60146.375,4.85625,13.65625,13.36875,9.475,22.84375,32707.25,65.08125,8116.8125,865.5625,27.88125,11.41875,29.14375,18.71875,27.9375,66.4625,6.1125,10.3,0.20625,71.00625,3.25625,6.16875,9.8375,13.49375,15.4,2.4125,7.025,38.062402
469,4898.870968,145.946774,42.850877,13.969492,8.577966,50.513559,25.238983,2.985,56712.38889,3.066102,13.522034,12.901695,6.176271,19.077966,30151.59259,77.798305,1950.451613,722.488889,25.984091,11.769492,42.308475,9.472881,15.794915,59.99661,4.318644,10.355102,4.420408,93.730508,1.377966,2.527119,3.423729,15.105085,12.508475,0.210169,9.60339,38.051699
470,4070.655172,47.034483,43.288889,13.988889,10.162963,55.0,24.455556,3.082222,68078.6087,4.474074,15.137037,14.748148,9.696296,24.444444,31904.38462,83.233333,1581.586207,763.8,27.705263,12.985185,44.707407,10.674074,16.562963,61.107407,3.480769,9.924,5.268,97.4,0.251852,1.392593,1.225926,17.066667,13.288889,0.518519,8.748148,39.14233
471,6786.644444,81.704444,41.756818,12.68,9.775556,54.137778,23.457778,3.138636,63272.23256,2.933333,14.293333,14.206667,9.286667,23.493333,33157.02273,84.171111,2589.266667,847.733333,31.615385,12.506667,40.502222,13.342222,18.355556,60.164444,3.368182,10.192683,5.168293,95.171111,0.688889,2.522222,1.648889,14.668889,9.253333,0.395556,9.111111,38.478703
472,6556.606061,126.012121,40.727273,15.3,6.739394,54.421212,26.218182,3.062727,63804.375,6.430303,16.39697,15.712121,7.181818,22.893939,30870.9697,79.857576,2522.606061,801.769231,23.657143,11.684848,43.309091,12.112121,17.515152,62.784848,4.133333,8.66,4.913333,95.078788,0.875758,2.406061,2.906061,17.381818,11.633333,0.327273,7.551515,38.293882
473,5277.423729,296.854237,42.076271,13.886441,7.640678,50.655932,26.822034,2.961552,54621.03704,4.963793,14.455172,13.941379,5.651724,19.593103,28907.06897,76.717241,2116.423729,743.5,26.269231,10.571186,41.464407,10.60339,16.618644,59.166102,5.184746,9.896,4.958,94.179661,0.581356,2.971186,2.479661,19.032203,12.837931,0.565517,8.444068,38.950274
474,6080.534884,575.709302,42.517073,15.242857,11.3,52.352381,26.578571,3.04125,58159.40625,3.585366,12.817073,11.985366,9.102439,21.087805,28767.56757,73.74878,2476.395349,763.571429,29.565385,10.128571,39.647619,14.557143,21.72381,55.802381,5.905,10.066667,3.675758,94.32381,0.497619,2.733333,1.65,22.578571,13.52439,0.460976,12.6,37.575544
475,3143.673077,32.315385,43.176923,15.315385,7.871154,56.636538,24.601923,3.037308,66734.77083,3.926923,16.125,14.959615,9.288462,24.248077,38312.92,82.492308,1233.192308,674.575758,23.32069,11.496154,40.501923,11.784615,17.171154,62.746154,2.832692,8.89375,4.783333,95.684615,1.267308,1.767308,3.053846,14.655769,8.25,0.540385,9.161538,38.412005
476,4946.730769,60.080769,41.919231,14.330769,7.05,55.034615,24.769231,3.133846,62985.58333,3.142308,15.796154,17.038462,8.515385,25.553846,32780.80769,81.619231,1935.5,745.6,20.647826,9.269231,41.453846,13.330769,18.903846,63.584615,3.446154,9.454167,3.079167,95.707692,0.588462,2.469231,1.073077,15.192308,9.084615,0.215385,7.026923,38.099047
477,20374.22222,580.988889,39.922222,12.777778,7.077778,43.855556,32.588889,2.812222,55925.11111,4.644444,12.255556,13.511111,10.066667,23.577778,32353.77778,61.766667,8638.222222,920.888889,28.533333,9.333333,31.344444,17.833333,28.666667,62.977778,6.077778,9.477778,0.311111,83.822222,1.188889,2.9,2.477778,15.622222,17.044444,0.811111,8.033333,35.623056
478,3736.755102,333.289796,40.560465,13.156818,9.320455,48.938636,29.320455,3.037143,58749.75676,3.304762,14.983333,13.816667,5.65,19.466667,29684.09524,80.166667,1464.77551,740.642857,30.221739,10.304651,40.209302,9.455814,14.932558,58.768182,5.425,7.230769,3.502564,93.354545,0.368182,2.802273,1.827273,16.686364,15.181395,0.330952,8.536364,37.287235
479,4857.338462,138.693846,39.571429,11.928571,7.380952,53.85873,24.842857,3.066349,62206.43548,3.614286,17.307937,14.461905,6.434921,20.896825,31807.66129,77.553968,1894.492308,776.769231,25.726087,10.280952,42.657143,11.725397,16.674603,64.674603,3.911111,10.670175,4.794737,92.668254,2.24127,3.066667,5.326984,15.001587,11.466667,0.928571,7.960317,37.119119
480,16937.7971,894.168116,42.934783,13.882609,7.852174,50.956522,30.833333,3.006957,78713.81159,3.005797,14.298551,18.433333,16.895652,35.328986,39545.82609,78.66087,6994.405797,1059.38806,27.452459,7.469565,27.405797,18.368116,30.731884,63.476812,5.714493,11.350725,0.746377,81.653623,0.698551,3.772464,2.724638,13.646377,9.324638,1.521739,6.553623,39.225135
481,23266.05714,743.557143,41.472857,12.727143,7.928571,50.265714,32.487143,3.133188,76481.07246,4.095714,13.072857,17.182857,18.385714,35.568571,38267.62857,75.668571,9037.542857,1102.439394,30.828125,7.374286,26.418571,20.104286,34.022857,61.725714,5.33,10.733333,0.528986,83.304286,1.117143,4.465714,4.754286,12.488571,12.122857,1.69,6.5,38.542029
482,22080.58974,1666.515385,36.586111,11.6,5.919444,26.241667,52.572222,3.525833,42956.86111,7.911111,9.316667,8.872222,6.688889,15.561111,25997.52778,51.122222,8537.871795,929.083333,39.202778,16.125,30.655556,13.144444,22.222222,55.991667,13.166667,14.897222,0.002778,26.005556,3.355556,4.333333,7.661111,18.508333,28.791667,2.747222,4.972222,38.432721
483,20151.35294,724.935294,42.078431,12.868627,7.4,54.013725,29.331373,3.113725,94302.45098,2.347059,12.762745,19.029412,25.645098,44.67451,43536.13725,77.068627,7976.647059,1228.959184,28.8875,6.219608,20.113725,25.847059,44.813725,65.684314,4.919608,13.154902,0.035294,79.539216,1.02549,4.337255,4.709804,11.6,7.454902,2.690196,5.190196,38.734049
484,7833.440678,71.940678,45.365517,15.59661,9.018644,53.605085,24.957627,2.931207,61500.75439,4.232203,13.835593,15.133898,9.164407,24.298305,32006.73684,84.237288,3131.305085,813.283019,26.480851,8.671186,40.130508,12.047458,17.691525,56.938983,5.474138,11.483929,4.283929,94.247458,0.588136,3.218644,3.105085,15.977966,10.822034,0.423729,7.891525,39.344192
485,16715.9,632.53,37.49,11.81,5.38,30.52,46.4,3.016,41114.8,7.97,10.23,9.06,3.59,12.65,22153.3,55.89,6840.8,798.8,34.35,14.23,36.48,8.7,13.19,52.65,13.37,11.8,0,58.4,0.91,5.5,4.06,21.29,27.55,0.61,6.23,37.940847
486,7665.27451,104.547059,48.488235,18.717647,11.013725,51.988235,24.97451,2.901765,54211.65306,4.74902,12.337255,11.194118,7.52549,18.719608,29152.04082,83.77451,3165.411765,765.755556,30.722222,10.578431,35.984314,11.862745,17.909804,49.890196,6.808,8.956,1.906,91.445098,0.560784,3.017647,3.490196,20.05098,13.517647,0.341176,8.77451,38.65289
487,4073.34,48.096,49.644898,17.730612,11.608163,51.069388,24.795918,2.850816,49161,4.895918,12.479592,9.967347,5.82449,15.791837,27845.55102,84.697959,1748.4,719.365854,30.197436,10.763265,40.738776,10.114286,15.232653,50.302041,8.908163,9.485417,2.991667,95.018367,0.444898,2.685714,3.346939,20.428571,16.391837,0.271429,9.934694,39.226137
488,8101.0,246.281013,40.278205,12.589873,7.149367,49.065823,31.88481,3.094868,64500.55405,3.696104,13.68961,14.883117,10.215584,25.098701,31672.42308,79.842857,3044.962025,803.264706,26.274194,7.811392,36.192405,14.84557,21.722785,59.383544,5.121519,10.483099,3.608451,91.758228,0.675949,3.451899,3.936709,14.288608,12.218182,0.350649,7.139241,38.907588
489,23128.57143,988.1,33.957143,11.285714,5.957143,35.457143,45.785714,3.18,48488.28571,6.1,13.414286,10.2,5.542857,15.742857,30035.85714,48.985714,10171.85714,897.714286,30.314286,8.957143,22.557143,21.042857,33.642857,66.8,7.0,9.714286,0.042857,61.114286,3.2,7.628571,11.942857,16.814286,21.628571,3.128571,5.7,37.491374
490,9520.632911,163.150633,41.956962,13.605063,8.936709,50.748101,29.502532,3.029241,61284.45333,3.655696,13.974684,16.234177,9.591139,25.825316,31232.79487,77.41519,3787.873418,805.946667,26.959155,11.136709,34.124051,13.956962,21.491139,60.122785,5.532911,10.660811,2.868919,87.321519,1.544304,4.673418,5.783544,16.339241,12.713924,0.786076,7.626582,37.961042
491,5395.15,146.865,47.77,15.9,12.475,53.015,26.945,2.805263,66850.94444,2.321053,12.473684,16.089474,12.010526,28.1,31993.05263,82.863158,2161.15,805.625,27.853333,6.895,26.94,21.955,36.31,59.57,4.34,12.747059,1.447059,88.415,1.745,4.485,5.68,15.145,9.042105,0.631579,7.74,38.320661
492,6015.568966,74.437931,43.433333,17.596552,7.967241,52.658621,28.605172,3.022632,63438.8,3.884483,14.206897,15.317241,9.3,24.617241,32545.66667,81.513793,2302.931034,834.490196,26.622449,8.262069,39.113793,12.860345,18.934483,58.67931,5.750877,11.123636,3.663636,94.35,0.431034,3.139655,2.918966,14.751724,11.025862,0.215517,8.451724,38.929143
493,8344.52381,61.454762,41.147619,13.357143,7.57619,54.438095,27.428571,3.178095,67775.56098,3.509524,15.838095,18.254762,10.211905,28.466667,32880.41463,85.957143,3081.071429,885.2,28.64359,8.861905,35.969048,14.785714,22.454762,59.95,5.021429,10.687805,2.278049,92.37381,0.830952,3.745238,3.730952,14.540476,10.619048,0.309524,7.188095,37.890578
494,11952.72,155.796,42.828571,15.722,10.012,51.572,26.604,3.005208,65096.53333,3.977551,15.522449,15.228571,10.708163,25.936735,32117.20833,83.434694,4455.84,857.844444,29.430952,8.744,33.052,16.378,27.174,58.79,4.65,10.993478,1.582609,89.27,2.032,4.264,8.366,12.955102,10.620408,0.691837,7.512,37.646304
495,31020.07143,1208.171429,34.371429,10.0,5.857143,45.228571,38.007143,3.131429,63890.64286,3.485714,13.785714,15.871429,10.964286,26.835714,33159.71429,62.542857,12019.42857,1019.714286,30.542857,9.178571,24.342857,24.007143,36.707143,69.8,5.057143,11.007143,0.071429,71.328571,4.192857,8.021429,13.007143,10.764286,12.535714,3.1,5.55,35.420969
496,4144.253731,36.877612,49.173134,18.032836,11.791045,54.30597,24.377612,3.026716,59624.56061,4.092537,15.429851,14.402985,8.41791,22.820896,29970.23881,87.365672,1648.268657,846.166667,32.05,8.3,31.628358,17.20597,27.386567,52.922388,5.834328,12.165625,1.690625,93.671642,0.649254,2.943284,3.052239,16.765672,11.840299,0.268657,9.880597,38.561442
497,3394.924242,84.871212,50.945455,18.833333,12.69697,55.587879,24.472727,2.774844,56261.29688,4.366154,14.635385,11.683077,6.98,18.663077,27573.01587,84.326154,1439.484848,775.072727,30.823913,8.309091,34.724242,13.577273,22.192424,51.410606,7.707692,10.195082,1.778689,87.654545,0.404545,5.066667,1.930303,19.538462,13.132308,0.346154,10.248485,38.480835
498,2739.953846,27.943077,51.089231,19.92,13.244615,56.241538,23.695385,2.844462,52231.64063,4.326154,12.813846,12.501538,5.801538,18.303077,28947.03125,85.147692,1133.446154,710.355556,29.268571,6.84,38.404615,13.064615,19.144615,48.916923,6.353125,7.164286,1.091071,92.643077,0.309231,3.844615,1.832308,19.610769,11.84,0.356923,11.933846,39.108249
499,1724.826087,39.158696,50.347826,18.691304,13.656522,50.234783,26.978261,2.942826,46581.47826,4.656522,10.980435,9.995652,5.356522,15.352174,26998.8913,85.421739,702.347826,691.928571,33.841667,7.452174,41.417391,12.519565,19.669565,48.041304,5.904348,6.335135,0.167568,93.245652,0.165217,2.567391,1.297826,16.906522,16.271739,0.436957,12.432609,38.977517
500,4210.84127,136.725397,41.595238,14.568254,8.201587,57.493651,25.165079,2.988197,69287.94828,2.781967,14.7,16.591803,10.952459,27.544262,34877.12903,80.840984,1617.492063,807.541667,22.974419,5.836508,35.939683,18.387302,25.519048,64.790476,3.814286,13.692308,11.057692,94.573016,0.552381,2.490476,2.031746,11.760317,10.4,0.603279,7.103175,36.412168
501,2753.971014,48.253623,43.286765,14.169118,9.180882,58.486765,22.367647,2.951029,65751.52308,3.979412,15.401471,18.272059,9.477941,27.75,36038.09231,79.936765,1083.231884,753.31579,22.742553,6.455882,37.355882,15.551471,20.860294,65.192647,4.254412,13.379661,11.667797,95.016176,0.607353,2.683824,3.029412,12.166176,8.888235,0.567647,8.419118,36.205205
502,3763.90625,56.770313,43.085938,15.01875,7.370312,60.965625,21.482813,2.989531,72200.4127,3.209375,15.784375,18.767187,11.26875,30.035937,38861.35938,82.448437,1539.203125,771.960784,22.809302,5.28125,36.117188,18.207812,24.329687,66.9875,3.203125,14.501786,12.153571,95.007813,0.814063,2.535938,3.573437,12.190625,7.673438,0.809375,7.742188,36.02649
503,17969.05882,1019.770588,35.45,10.025,5.5,45.71875,36.275,3.13625,72294.25,3.975,13.3125,16.025,15.40625,31.43125,39266.5625,64.3125,7155.823529,960.0625,29.14375,9.76875,25.40625,24.3,36.175,70.21875,5.18125,11.55625,0.30625,75.40625,2.58125,5.35,11.84375,11.89375,13.41875,4.0625,5.95,37.851869
504,1853.2,33.621818,42.776364,15.683636,7.754545,58.947273,24.249091,2.928,61929.70909,3.547273,16.02,15.525455,6.870909,22.396364,33547.54545,80.810909,797.454545,682.270833,19.987179,7.478182,36.150909,15.203636,18.923636,66.245455,2.378182,16.277551,12.771429,95.685455,0.398182,2.976364,4.809091,12.432727,9.38,0.96,8.445455,36.434008
505,1650.054054,24.593243,44.184932,17.07973,8.685135,55.614865,24.424324,2.944658,59958.1,3.713514,15.177027,13.766216,7.771622,21.537838,33301.72603,77.87027,683.810811,669.854839,18.868627,7.032432,35.448649,13.486486,18.605405,63.239189,3.690411,19.234921,14.62381,93.351351,1.186486,2.956757,4.043243,15.348649,11.517568,1.104054,7.451351,36.585993
506,2495.382353,52.183824,44.437313,15.622059,9.795588,59.567647,23.613235,2.864853,67038.18182,3.316176,16.054412,16.927941,9.079412,26.007353,35854.34328,82.585294,986.705882,695.833333,21.442308,5.801471,39.420588,14.335294,19.869118,64.594118,3.535821,16.589655,13.115517,96.429412,0.319118,1.994118,1.638235,11.773529,8.502941,0.386765,7.945588,35.940756
507,19332.75,346.25,38.525,12.925,7.525,42.85,36.825,2.9925,50797,5.35,12.7,11.1,5.85,16.95,30365.5,63.475,8277.25,801.75,28.1,11.975,36.1,13.575,18.675,65.775,6.675,8.625,0.6,75.25,2.25,5.125,6.175,16.675,15.9,2.8,6.875,35.82534
508,1126.535714,13.3,48.292857,16.810714,12.2,56.703571,20.271429,2.901429,55936.07407,4.271429,13.785714,10.8,8.782143,19.582143,31083.96429,81.317857,470.678571,702.380952,27.7,6.342857,40.503571,15.275,19.317857,57.985714,3.185714,17.757143,23.595238,97.035714,1.046429,1.567857,2.6,16.653571,10.6,0.396429,8.85,36.587149
510,1597.563636,26.727273,44.701818,16.325455,8.618182,57.76,22.938182,2.918364,68400.43636,3.232727,16.094545,18.432727,9.036364,27.469091,35470.03704,81.456364,638.472727,683.723404,18.678947,7.42,37.472727,14.438182,18.750909,66.494545,3.1,18.446939,15.867347,94.12,1.198182,3.389091,5.209091,14.563636,8.663636,0.583636,8.990909,37.002649
511,11027.5,387.3,36.1875,10.75,7.075,43.5875,36.375,3.025,53671.625,5.1625,10.8,13.05,6.6625,19.7125,30415.375,53.0625,4165.125,800.857143,27.514286,12.35,36.9625,10.5125,15.225,68.8,4.125,7.4,0.628571,79.7875,1.825,9.0375,24.8375,20.9875,14.9875,5.2,9.4375,36.71899
512,2320.9,20.225,38.82,12.28,8.25,62.495,23.33,3.1515,70469.85,2.24,18.755,17.95,8.425,26.375,33764.8,83.78,843.7,733.6875,23.035714,6.995,39.695,16.24,20.895,71.04,2.4,22.231579,15.773684,94.38,1.755,2.48,6.015,10.85,6.705,0.92,7.005,37.495381
514,1464.5625,17.20625,43.7375,16.56875,8.7625,58.984375,23.590625,2.957813,60179.53125,4.559375,15.9875,15.390625,7.9375,23.328125,33199.53125,81.925,589.8125,648.222222,18.526087,7.471875,41.928125,13.753125,17.13125,65.740625,3.378125,19.434615,15.603846,94.23125,1.4,3.3125,5.409375,12.63125,11.071875,1.103125,7.965625,37.240271
515,2725.888889,53.359259,44.4,15.346296,8.862963,58.527778,23.340741,3.001296,67800.40741,3.67037,15.083333,18.064815,10.922222,28.987037,35436.40741,80.312963,1082.592593,811.877551,24.087805,7.144444,35.966667,15.427778,20.481481,63.905556,3.07037,15.71,10.85,95.97037,0.668519,2.47963,3.151852,12.581481,8.511111,0.366667,9.716667,36.808435
516,1145.1,22.885,46.45,17.875,7.18,55.435,24.2,2.999,61537.73684,4.485,16.525,14.045,8.06,22.105,34420.21053,81.165,462.35,753.4,19.61,6.63,38.465,13.075,16.635,60.755,4.6,15.785714,11.121429,95.875,1.0,2.295,2.95,14.74,9.595,0.32,8.655,37.042268
520,3307.977273,56.859091,43.970455,15.525,8.018182,58.777273,25.056818,2.978636,69472.56818,3.188636,18.054545,18.302273,9.518182,27.820455,35112.86047,81.902273,1331.863636,736.702703,30.290909,7.954545,43.611364,13.575,19.652273,67.336364,2.704545,14.610526,14.968421,96.429545,0.397727,2.031818,2.027273,11.522727,9.515909,0.256818,7.270455,36.309875
522,3810.106383,125.165957,41.431915,13.008511,8.189362,54.421277,29.293617,2.956383,71221.8913,3.251064,16.465957,17.53617,11.191489,28.72766,35552.56522,79.697872,1530.042553,776.897436,27.542424,5.559574,37.589362,15.3,22.704255,65.814894,2.468085,14.565116,11.311628,93.253191,0.806383,2.902128,3.048936,10.942553,10.770213,0.680851,7.344681,35.981046
523,3232.132075,95.443396,43.137736,13.943396,8.328302,56.413208,25.628302,2.996792,72424.03846,4.662264,15.215094,19.298113,11.288679,30.586792,37300.0,81.177358,1260.943396,781.355556,24.40625,5.166038,37.683019,16.137736,23.818868,66.386792,3.879245,13.435417,9.56875,94.858491,0.760377,2.449057,2.856604,10.496226,10.545283,0.775472,9.577358,35.918518
524,24107.83333,567.966667,38.8,11.416667,5.766667,45.9,36.033333,2.936667,74483.33333,3.6,12.816667,15.033333,16.766667,31.8,38421.5,68.25,10141.33333,816.6,27.92,6.1,22.966667,24.75,37.25,66.616667,3.966667,10.45,0.45,82.883333,1.116667,4.0,3.9,10.716667,10.733333,1.55,7.716667,36.217472
525,2196.88,43.314,43.876,13.69,8.838,55.58,24.532,3.126735,57259.77083,4.342857,14.685714,14.540816,5.644898,20.185714,30455.77083,81.059184,872.46,717.108108,26.764516,10.786,40.002,12.19,16.726,57.578,4.753061,13.178571,17.140476,94.794,0.584,2.522,1.79,15.872,12.446939,0.730612,8.61,35.952991
526,3012.441176,37.370588,43.364706,14.114706,8.8,58.15,23.573529,2.916176,66954.54545,3.417647,15.070588,20.05,8.511765,28.561765,33302.11765,80.582353,1240.441176,766.592593,25.312,6.364706,35.547059,14.714706,20.802941,63.608824,3.585294,11.719355,9.712903,95.141176,0.405882,1.976471,2.411765,14.929412,9.494118,0.332353,8.205882,35.969925
527,3972.886364,75.388636,42.393182,13.679545,8.063636,56.190909,24.213636,2.960909,75942.25581,2.231818,15.852273,18.579545,12.677273,31.256818,39707.83721,80.111364,1562.568182,828.324324,22.314815,7.261364,37.827273,14.636364,20.261364,67.836364,3.834091,11.3675,7.67,92.284091,2.670455,2.85,6.922727,10.334091,7.3,1.297727,8.327273,35.857487
528,17338.0,711.85,37.55,11.75,6.716667,38.516667,41.133333,3.038333,51835.83333,5.883333,11.8,13.033333,8.383333,21.416667,31116.5,54.916667,7133.333333,818.5,30.55,8.4,32.433333,17.916667,27.2,62.15,5.683333,8.883333,0.233333,77.733333,1.05,6.466667,9.35,14.816667,18.716667,1.816667,7.033333,35.430233
530,8786.506667,164.182667,44.473333,13.872,8.169333,58.269333,25.793333,2.914267,82486.02703,2.265333,15.953333,20.818667,16.805333,37.624,41515.64,79.224,3574.453333,938.571429,22.376471,5.404,33.785333,20.101333,29.582667,68.161333,2.898667,10.248649,2.272973,92.377333,1.562667,2.965333,4.433333,9.973333,6.241333,0.552,7.885333,38.030584
531,12654.10909,352.358182,42.830189,12.935185,8.366667,55.274074,27.659259,2.953019,83441.59615,2.416667,13.609259,20.746296,17.181481,37.927778,40894.57692,75.903704,5049.781818,1031.666667,25.571429,6.485185,28.166667,20.92963,32.753704,68.511111,3.272222,9.854902,0.852941,90.911111,1.67963,3.892593,8.1,10.412963,6.905556,0.994444,7.005556,37.939146
532,26847.13333,2232.656667,35.08,10.263333,5.236667,32.743333,49.206667,3.145517,54433.58621,6.5,11.931034,12.641379,9.32069,21.962069,33227.03333,44.248276,11069.56667,965.310345,32.044828,11.06,27.516667,20.366667,32.6,62.726667,7.103333,9.306897,0.010345,53.246667,5.1,6.13,13.066667,13.093333,20.736667,3.110345,6.56,37.881818
534,25656.6,994.26,37.66,11.74,7.12,44.9,36.38,3.042,56666.6,4.82,11.28,14.62,9.84,24.46,32823.2,62.64,10421.6,895.2,33.22,10.62,30.94,16.08,23.82,63.42,5.26,7.26,0.02,68.3,3.52,8.44,19.96,13.9,15.74,1.86,6.72,37.713362
535,7174.246914,75.508642,42.14625,13.533333,7.201235,54.424691,26.266667,2.95825,74566.59494,4.203704,14.906173,19.882716,13.27284,33.155556,39455.15,77.345679,2909.382716,883.723684,23.431944,5.875309,33.41358,19.2,27.57037,67.967901,2.66,12.273077,5.983333,92.161728,1.7,3.159259,4.87037,11.234568,8.312346,0.883951,8.269136,37.559122
537,21762.71429,2071.635714,32.369231,8.361538,5.346154,36.246154,51.792308,2.81,66997.16667,3.625,13.45,16.075,16.166667,32.241667,35314.07692,47.391667,9717.785714,1215,35.625,4.766667,14.25,31.691667,59.008333,68.346154,3.215385,9.915385,0.161538,76.653846,1.846154,5.553846,8.223077,8.261538,18.041667,2.816667,4.3,36.786188
539,4236.1875,51.125,44.165957,15.353191,8.482979,53.504255,26.510638,2.979787,64636.91304,4.131915,16.319149,17.155319,7.944681,25.1,34206.59574,78.323404,1706.6875,793.977273,23.214286,10.621277,39.938298,11.665957,16.0,61.593617,3.22766,9.330233,5.64186,93.591489,0.829787,3.119149,3.72766,13.82766,11.13617,0.980851,7.73617,38.214998
540,6527.166667,37.295833,42.283333,13.258333,8.425,56.841667,26.7375,2.972083,81182.625,2.1625,16.745833,21.475,15.216667,36.691667,40618.45833,81.5875,2506.666667,935.304348,23.447826,5.2375,33.195833,18.825,26.5,68.129167,2.933333,12.108333,5.233333,94.995833,0.6875,2.8,2.025,10.891667,6.329167,0.295833,7.891667,36.088119
541,4927.166667,101.292593,45.792593,15.488889,9.625926,56.757407,24.775926,2.876296,65236.87037,3.353704,15.192593,16.162963,9.927778,26.090741,34393.09259,80.842593,1996.574074,743.5625,22.555556,7.438889,40.12037,13.687037,19.103704,61.15,3.962963,9.128846,2.294231,90.272222,0.812963,2.912963,2.974074,14.07963,9.101852,0.407407,8.931481,38.172026
542,4845.703704,66.196296,51.174074,16.87037,13.414815,59.066667,22.688889,2.70037,66134.11111,3.351852,16.414815,16.877778,9.455556,26.333333,35290.96296,82.992593,2082.259259,755.518519,23.852174,5.351852,33.966667,19.088889,28.225926,59.82963,2.081481,11.936,3.432,95.322222,0.688889,2.574074,3.37037,13.085185,6.511111,0.455556,7.796296,37.506483
543,26741.14286,1590.728571,37.157143,10.3,5.657143,40.628571,39.6,3.011667,65296.16667,4.133333,14,16.15,10.25,26.4,30764.42857,61.483333,10967.14286,843.833333,25.55,12.528571,32.614286,17.6,24.928571,58.6,3.616667,8.857143,0.214286,73.1,4.1,6.385714,11.942857,12.316667,12.316667,2.866667,6.071429,36.128271
544,5074.909091,37.936364,44.467532,14.976623,9.114286,56.948052,25.496104,3.01026,62434.02667,3.636364,16.105195,15.737662,8.505195,24.242857,33600.01299,82.074026,2093.935065,718.888889,23.67971,9.787013,41.279221,12.997403,18.418182,62.406494,3.568831,10.473973,6.149315,93.836364,0.842857,2.781818,3.37013,13.493506,9.506494,1.184416,8.263636,37.39503
545,2032.2,8.593333,53.504444,21.108889,13.035556,56.566667,22.204444,2.743111,54567.75556,4.191111,12.942222,12.517778,7.031111,19.548889,30474.73333,84.842222,892.844444,701.763158,27.34375,6.773333,36.971111,13.882222,21.422222,52.308889,3.831111,13.285714,2.092857,91.535556,0.475556,2.995556,1.875556,17.346667,10.286667,0.18,10.873333,37.08705
546,4822.188679,42.728302,42.744231,14.330769,8.517308,53.782692,28.113462,3.115769,61504.09804,4.736538,15.232692,15.882692,8.351923,24.234615,33118.46154,78.459615,1929.867925,766.56,23.8,9.246154,37.132692,14.073077,20.790385,60.823077,3.267308,12.230612,9.177551,94.138462,1.392308,2.376923,3.421154,11.75,11.403846,1.055769,8.678846,37.296964
547,5565.959184,44.079592,43.102041,14.526531,8.495918,55.54898,25.520408,3.024694,63071.18367,4.283673,14.485714,16.293878,9.126531,25.420408,32558.91837,78.030612,2197.591837,779.959184,26.059574,8.246939,38.357143,13.791837,20.218367,63.685714,3.026531,12.306122,8.173469,95.002041,0.732653,2.489796,2.365306,12.942857,9.871429,0.738776,8.634694,37.202012
548,2971.209677,15.758065,48.931148,17.745161,11.582258,56.293548,24.254839,2.86,58800.54098,4.606452,14.059677,14.658065,9.308065,23.966129,31368.91803,82.682258,1265.870968,725.961538,25.929412,7.059677,36.064516,15.059677,22.598387,58.551613,4.714516,11.667797,2.769492,89.290323,0.493548,4.020968,2.298387,15.324194,11.624194,0.329032,10.833871,35.828664
549,8893.482143,230.816071,45.944643,15.0625,9.360714,55.076786,25.266071,2.876296,65807.15385,3.557407,14.768519,17.594444,10.074074,27.668519,35211.01852,79.705556,3650.803571,781.980392,22.862222,7.864286,40.085714,14.398214,21.192857,60.6625,2.534545,9.854,3.342,92.503571,1.375,3.196429,4.389286,13.898182,10.547273,0.531481,9.164286,37.54378
550,10310.82609,169.84058,40.842029,12.72029,6.72029,55.75942,28.611594,3.104058,87877.04348,2.352174,14.62029,22.850725,18.756522,41.607246,41615.86957,85.288406,3806.086957,1164.492308,28.351667,6.071014,30.885507,19.018841,27.426087,68.033333,4.426087,11.525373,3.580597,90.286957,1.37971,3.988406,4.321739,11.118841,6.371014,0.649275,7.723188,35.813548
551,25588.25,1359.15,38.290323,13.364516,6.009677,45.3,39.229032,3.145667,81306.53333,3.103226,12.312903,16.987097,22.967742,39.954839,42578.2,60.919355,10029.28125,1199.225806,30.986207,6.793548,17.66129,28.164516,48.583871,69.4,4.274194,11.246667,0.09,70.780645,2.154839,5.658065,6.596774,10.867742,10.883871,3.948387,6.019355,34.204407
553,12189.89535,249.162791,40.768605,12.182558,6.519767,58.197674,26.539535,3.135233,92788.0814,2.545349,13.996512,21.456977,22.689535,44.146512,45042.74419,82.324419,4568.44186,1056.423529,26.058228,5.25,27.860465,22.677907,32.983721,70.85,2.961628,13.726744,4.15,89.903488,1.810465,3.130233,4.230233,9.775581,5.774419,1.030233,6.661628,35.619215
554,22136.72549,2114.182353,36.79,10.198039,5.615686,42.313725,42.484314,3.068367,85799.79592,3.278,13,19.414,21.494,40.908,44529.82,61.18,9086.137255,1309.77551,30.032653,6.85098,16.670588,31.24902,50.345098,72.219608,4.758824,12.55,0.042,67.921569,3.498039,5.972549,7.47451,10.627451,10.816,5.976,4.890196,34.065479
557,2442.753623,30.513043,48.408696,18.315942,9.957971,52.563768,25.384058,2.83087,59731.55882,4.52029,14.228986,15.149275,7.386957,22.536232,31988.5942,84.801449,1028.449275,751.944444,29.737209,6.694203,34.142029,13.931884,19.833333,55.327536,6.543478,6.530159,2.307937,91.182609,0.266667,3.333333,1.368116,16.414493,11.433333,0.146377,10.262319,34.708113
558,10734.27273,903.936364,38.963636,12.172727,6.990909,39.009091,39.881818,2.902,59644.1,5.21,11.85,15.88,11.05,26.93,28983.81818,62.39,4408.545455,910.2,31.94,6.045455,24.463636,21.090909,34.509091,58.427273,5.28,9.52,0.17,85.545455,0.8,5.081818,3.381818,14.93,16.94,0.69,7.372727,33.796743
559,4863.591549,33.640845,42.1,13.442029,8.149275,58.594203,25.781159,2.988261,74204.52174,3.710145,15.252174,19.563768,13.543478,33.107246,37941.49275,82.198551,1948.253521,800.343284,24.75283,6.263768,32.198551,17.818841,25.846377,67.736232,2.704348,14.516667,10.69697,93.508696,1.027536,2.688406,3.305797,10.681159,8.327536,0.769565,7.682609,36.433135
560,3772.014085,63.388732,42.198592,14.091549,8.433803,55.795775,27.190141,2.93831,67381.11268,3.326761,15.856338,17.159155,10.014085,27.173239,36240.04225,83.353521,1490.126761,772.25,23.166667,6.01831,34.887324,15.452113,21.191549,68.452113,3.207042,15.626563,10.667188,93.984507,1.26338,3.143662,4.915493,11.474648,9.329577,0.576056,7.952113,36.210683
561,1370.530303,11.378788,44.271212,15.186364,8.934848,57.827273,24.783333,2.999242,62039.81538,3.724242,14.333333,16.05303,8.659091,24.712121,33444.23077,83.698485,545.909091,717.690909,21.598148,7.634848,37.430303,13.460606,18.427273,65.298485,3.174242,21.273333,18.595,92.230303,1.704545,2.930303,5.754545,12.604545,8.742424,1.377273,8.178788,36.545332
562,1954.256757,10.456757,43.128378,15.225676,8.054054,58.304054,25.624324,2.992297,65032.58108,3.97973,15.562162,16.087838,9.452703,25.540541,34541.35135,81.62027,783.472973,725.136364,26.192857,6.883784,33.666216,15.135135,19.885135,65.32973,3.009459,19.248571,16.158571,92.124324,2.12973,2.293243,4.731081,11.818919,9.863514,0.851351,7.341892,35.915572
563,4602.814286,79.072857,41.224286,13.087143,8.14,55.784286,27.942857,2.988551,68006.6087,4.201449,16.424638,18.476812,9.637681,28.114493,34225.12857,81.414493,1818.885714,781.419355,26.621311,7.844286,34.372857,12.87,18.975714,67.607143,4.16,13.66129,9.398387,93.402857,1.302857,2.478571,2.988571,12.251429,9.864286,1.007246,8.174286,35.738883
564,3849.25641,16.084615,47.676923,17.569231,11.066667,56.676923,24.279487,2.952308,59586.69231,4.65641,14.038462,15.420513,8.192308,23.612821,31403.46154,84.769231,1579.282051,800.710526,26.938889,7.84359,32.294872,15.312821,21.910256,57.14359,5.215385,12.976316,6.421053,93.507692,0.484615,3.720513,1.453846,15.194872,10.525641,0.292308,10.310256,36.152025
565,2526.183099,115.207042,43.243662,14.787324,9.076056,53.519718,28.388732,3.062319,63572.72059,4.692754,14.121739,16.865217,9.910145,26.775362,33369.88235,83.085507,1010.464789,721.818182,25.108163,7.316901,32.312676,15.623944,20.966197,62.291549,4.839437,15.309375,10.46875,87.23662,1.314085,4.338028,4.407042,12.940845,11.34058,0.565217,8.295775,35.298922
566,1906.5,10.65,47.953191,18.834043,11.255319,52.204255,26.257447,3.044681,56569.65909,5.680851,13.629787,12.568085,7.929787,20.497872,29254.67391,85.33617,751.020833,735.448276,27.316,8.776596,34.153191,13.089362,18.306383,52.919149,7.255319,9.3975,6.8925,80.53617,0.293617,4.538298,1.151064,17.131915,14.508511,0.334043,11.038298,35.480351
567,1726.6,3.0725,45.041026,15.2175,11.6825,53.4275,27.13,3.082368,66455.36842,7.25,15.33,16.92,8.67,25.59,35533.81579,86.445,692.15,699.37931,24.52,5.9625,36.5125,16.9425,21.0575,66.965,3.2325,15.773529,17.882353,94.1825,0.68,2.8475,2.985,11.21,9.995,0.5575,7.695,36.56094
570,2734.536232,62.389855,41.784058,14.302899,8.144928,59.769565,24.701449,2.952059,74345.6,2.764706,16.830882,19.475,13.120588,32.595588,37580.23188,80.448529,1050.26087,725.428571,20.979245,6.928986,31.615942,20.982609,28.397101,70.797101,2.369565,18.149206,14.134921,93.018841,1.121739,3.346377,3.101449,11.552174,6.879412,0.477941,8.091304,37.857212
571,21753.66667,984.5,36.322222,17.222222,4.433333,38.244444,37.3,3.024286,68345,3.157143,15.085714,16.985714,12.342857,29.328571,33896.75,62.028571,8862.777778,913.428571,26.628571,5.333333,33.066667,18.533333,27.522222,64,2.3875,10.585714,0.7,85.211111,1.111111,4.566667,4.755556,9.3125,9.714286,1.714286,5.455556,39.052618
573,1383.483333,4.81,43.981356,14.951667,9.258333,57.041667,24.928333,3.141186,60022,3.755,13.911667,15.603333,7.78,23.383333,32758.68966,75.885,541.766667,624.785714,20.210811,10.421667,37.126667,15.425,20.741667,63.386667,3.168966,23.22,24.372,87.693333,0.715,2.381667,2.341667,15.295,11.825,1.081667,8.191667,38.552883
574,1247.897959,2.685714,42.497917,15.314286,9.138776,58.885714,23.381633,3.225417,65303.5,3.806122,16.338776,16.546939,11.510204,28.057143,34862.13953,83.110204,508.408163,667.875,19.485,7.267347,34.265306,18.169388,23.506122,62.714286,1.61875,24.2,25.266667,95.806122,1.146939,1.597959,1.871429,9.363265,9.165306,0.593878,7.94898,38.363505
577,3606.649123,43.478947,41.921818,14.752727,9.26,49.383636,33.749091,3.415741,60532.61364,3.701852,11.144444,12.185185,12.188889,24.374074,27561.16667,72.177778,1408.701754,805.451613,28.157692,9.267273,34.298182,16.592727,22.876364,57.992727,6.530909,16.545455,13.522727,74.48,0.521818,4.749091,4.361818,13.398182,20.388889,0.374074,9.870909,41.889519
580,1568.8,38.29,43.875862,15.052542,8.330508,62.288136,22.691525,2.941897,80152.49091,3.265517,17.205172,20.553448,16.343103,36.896552,40682.5614,84.525862,628.166667,655.533333,19.117391,6.149153,25.176271,20.845763,26.427119,67.042373,2.206897,19.273333,14.964444,94.059322,0.869492,3.359322,1.835593,11.09661,6.956897,0.27069,8.398305,34.983832
581,31843.5,1603.075,28.875,7.1,4.1,33.55,56.325,3.9925,62710.66667,2.95,9.55,31.325,14.475,45.8,27809.25,54,14130.5,839.666667,25.466667,3.7,14.275,32.375,52.875,70.25,6.275,7.85,0.5,85.525,0.8,3.25,3.225,8.25,10.075,1.5,5.275,35.940214
582,1750.706897,59.946552,46.645614,15.019298,10.252632,56.285965,25.108772,2.885536,71414.76,3.894643,13.805357,19.460714,12.376786,31.8375,41673.67857,78.546429,739.37931,746.636364,24.721429,6.196491,27.124561,18.359649,25.029825,62.180702,2.554386,15.742857,13.87381,93.835088,0.554386,2.675439,3.889474,13.373214,9.296429,0.664286,10.250877,37.169706
585,3503.955556,18.184444,45.829545,17.0,10.05,59.565909,24.018182,2.975682,67535.19048,3.345455,12.881818,18.631818,12.861364,31.493182,35966.81818,81.752273,1409.422222,774.933333,24.172,8.786364,33.786364,17.413636,21.718182,60.454545,3.093182,18.931579,22.134211,88.497727,0.675,2.227273,2.072727,12.579545,11.315909,1.415909,8.718182,37.12248
587,1537.666667,35.084127,41.503175,13.795238,8.51746,58.052381,26.431746,3.109672,77763.16667,3.034426,16.485246,20.640984,14.129508,34.770492,40062.42623,79.629508,611.174603,797.527778,21.826667,7.61746,30.612698,17.898413,22.620635,63.834921,3.436508,17.260417,20.635417,89.25873,1.165079,2.812698,4.150794,13.033871,7.742623,0.603279,11.069841,37.153772
590,1220.833333,2.159722,46.740845,18.904225,9.447887,58.225352,21.557746,3.149014,60900.71429,5.023944,12.756338,13.588732,10.516901,24.105634,30344.51563,72.169014,485.347222,803.87234,24.172973,6.43662,32.764789,17.93662,23.869014,60.287324,4.743662,12.841667,10.289583,82.539437,0.222535,4.188732,2.987324,12.784507,14.753521,0.347887,8.785915,42.29281
591,35549.0,367.625,38.325,12.575,6.75,51.475,28.975,3.01,72046.25,3.1,14.025,16.1,16.2,32.3,37643.75,69.15,14585.25,1037.25,28.05,4.725,26.2,24.725,36.325,66.25,3.8,11.3,1,88.325,1.475,4.3,6.475,12.9,10.125,0.55,10.05,41.111066
592,937.878049,7.44878,42.180488,16.104878,7.287805,56.870732,26.770732,3.511951,61499.19444,3.565854,10.712195,16.914634,9.802439,26.717073,31830.15152,80.831707,348.829268,639.736842,17.415789,5.55122,33.831707,17.082927,22.173171,59.790244,3.7025,15.625,16.2,87.565854,0.536585,2.634146,3.190244,14.453659,12.353659,0.05122,8.719512,38.672614
593,1149.0,0.916667,46.458621,24.51,8.69,66.903333,19.606667,3.033667,63124.13043,3.566667,11.706667,14.246667,14.55,28.796667,35094.57692,77.513333,475.4,742.909091,20.93,5.576667,28.473333,18.38,22.906667,64.34,0.986667,19.833333,24.66,94.803333,0.656667,3.216667,2.676667,14.553333,15.293333,0.186667,6.37,40.980906
594,2181.885246,33.354098,46.578689,19.531148,10.195082,58.009836,20.327869,3.07,56698.72549,4.414754,11.211475,12.77541,9.955738,22.731148,30781.41071,74.611475,861.229508,732.871795,23.868966,6.536066,34.611475,17.888525,24.806557,58.108197,3.07541,14.695652,12.884783,88.036066,0.932787,3.563934,2.163934,14.285246,12.939344,0.377049,12.234426,39.127948
595,1353.26087,0.821739,45.03913,16.004348,9.491304,51.9,26.317391,3.425217,51855.42857,5.873913,11.047826,13.052174,7.695652,20.747826,28772.04348,70.304348,498.086956,515.384615,16.692308,10.547826,33.669565,19.430435,23.052174,60.826087,5.104348,13.542857,10.857143,78.543478,1.617391,3.504348,2.086957,15.33913,12.843478,0.03913,8.008696,38.748351
596,4505.210526,64.731579,46.9,19.305556,9.622222,49.077778,24.738889,2.889333,59150.33333,8.225,10.40625,14.40625,10.63125,25.0375,30857.875,83.3125,1887.421053,899.666667,24.455556,6.205882,29.682353,17.458824,29.247059,59.144444,2.135294,12.283333,4.716667,94.533333,0.316667,2.833333,4.894444,15.129412,12.0875,0.13125,15.123529,42.503442
597,4528.047619,6.809524,46.578571,16.907143,11.252381,55.866667,26.128571,3.166098,62312.25641,4.380952,13.52381,15.285714,9.561905,24.847619,30179.68293,73.269048,1836.238095,865.814815,24.082609,6.466667,29.888095,22.952381,31.819048,57.82619,2.907143,11.024242,5.075758,94.266667,1.030952,2.892857,4.278571,16.12619,11.278571,0.22619,9.538095,43.282778
598,4162.84,113.254,46.172,17.688,11.712,53.104,27.676,2.868125,58498.93478,5.565306,11.544898,12.659184,9.661224,22.320408,26981.97959,75.061224,1738.66,832.947368,27.206061,7.51,30.194,19.118,27.852,55.5,5.638,12.567442,4.595349,87.162,0.796,5.722,2.94,17.364,14.979592,0.32449,11.432,37.733608
599,4725.037037,12.185185,50.248148,22.688889,12.811111,60.014815,22.259259,2.937778,56618.09091,5.655556,9.888889,11.444444,10.196296,21.640741,26989.92308,80.733333,1892.111111,866.166667,26,9.92963,29.514815,20.803704,29.325926,48.588889,7.344444,10.9,0.652174,88.42963,0.9,3.885185,2.12963,18.762963,16.225926,0.066667,12.218519,37.459838
600,25744.47692,981.763077,41.7625,13.027692,7.818462,57.210769,28.021538,3.166462,107517.7344,2.02,11.844615,18.415385,29.495385,47.910769,49008.07813,76.163077,9478.415385,1467.650794,30.720968,7.296923,21.635385,27.110769,46.461538,65.912308,5.064063,13.765625,0.1625,76.872308,4.833846,5.635385,15.716923,9.207692,7.010769,4.478462,6.790769,37.831775
601,20161.31944,1062.608333,40.239437,12.177465,7.316901,52.061972,31.960563,3.257286,88752.76056,2.809859,14.214085,20.180282,21.590141,41.770423,41617.31429,72.805634,7247.222222,1368.835821,28.803125,10.228169,24.142254,23.102817,35.81831,68.192958,6.180282,11.301408,0.45493,69.411268,8.347887,6.091549,20.743662,10.112676,7.202817,5.032394,5.733803,36.551155
602,20795.5,2790.775,33.95,8.975,6.25,36.525,53.225,3.226667,102020.3333,2.7,9.5,16.4,34.166667,50.566667,37240.75,68.2,7981.5,1622.666667,36.95,3.725,6.725,23.5,66.025,56.775,9.125,19.9,0.033333,67.0,2.95,5.825,13.425,6.7,9.633333,2.133333,1.85,37.395355
603,16460.5,4100.525,38.9,10.2,6.725,47.525,37.8,2.935,109440.25,1.85,13.75,17.325,33.575,50.9,62228.0,60.2,6805.25,1461.5,26.966667,2.475,6.275,35.85,75.8,70.275,4.9,17.325,0.05,66.4,4.35,7.175,9.5,9.05,5.55,2.525,3.6,36.710899
604,18355.10127,901.198734,39.767089,12.397468,6.727848,47.974684,34.713924,3.310633,77592.79747,2.659494,14.120253,18.825316,16.98481,35.810127,37680.5443,76.321519,6602.898734,1212.831169,32.314474,9.111392,30.531646,16.965823,26.727848,64.837975,7.182278,11.123377,0.798701,65.388608,4.992405,4.956962,15.487342,10.934177,10.673418,2.965823,5.510127,37.030088
605,18511.32143,782.646429,40.369643,11.835714,6.444643,56.042857,29.285714,3.233818,99988.01852,1.745455,14.192727,20.567273,26.212727,46.78,47189.43636,78.890909,6653.946429,1347.901961,27.78125,7.178571,24.328571,24.555357,40.664286,67.121429,4.492857,12.413208,1.464151,79.142857,3.669643,5.380357,13.935714,8.660714,7.101786,2.507273,5.078571,36.97487
606,48671.14286,6431.4125,35.755357,9.683929,5.407143,35.930357,49.005357,3.16,76232.66071,4.375,11.496429,14.5375,20.935714,35.473214,46760.44643,46.769643,19756.08929,1371.25,33.625926,11.533929,19.669643,25.328571,47.157143,68.201786,8.9,15.292857,0.008929,47.628571,7.848214,6.271429,22.191071,10.389286,16.678571,6.917857,3.171429,36.761624
607,27536.75,2833.35,44.175,12.875,8.4,53.7,29.075,3.26,78325.75,1.9,14.8,17.675,20.3,37.975,37171.25,73.875,10367.25,1474.25,32.375,10.9,25.15,23.65,37.975,60.625,6.4,18.25,0,71.1,6.4,5.65,18.125,11.6,6.6,12.525,3.85,36.700765
608,38282.0,2350.15,35.65,10.4,5.3,38.375,43.45,3.57,58466.75,3.65,12.975,15.75,9.775,25.525,33074.5,60,12481.0,1029,32.875,14.7,29.85,13.775,21.425,64.525,8.575,11.375,0,40.1,17.05,6.575,33.425,9.4,15.2,5.225,4.275,37.171149
609,2866.75,55.3125,41.57037,14.66,8.810909,53.761818,27.201818,2.996909,62312.0566,4.049091,12.621818,15.987273,8.956364,24.943636,32250.96226,78.152727,1104.946429,803.137255,24.709302,9.401818,37.650909,10.434545,16.332727,61.045455,5.967273,13.027083,6.829167,90.307273,2.1,4.065455,5.969091,15.083636,12.250909,0.730909,9.850909,37.134407
610,4622.106061,48.507576,44.703125,14.093846,8.910769,56.058462,26.713846,2.971231,67514.90323,2.661538,14.024615,17.061538,11.061538,28.123077,34024.5873,80.687692,1842.227273,821,25.625926,7.890769,36.370769,14.523077,21.561538,63.069231,4.724615,11.891228,6.25614,93.406154,0.923077,3.016923,5.496923,13.346154,9.003077,0.781538,8.62,36.963795
611,20552.63636,622.8,43.309091,11.918182,6.572727,41.5,33.490909,2.947273,50214.27273,4.663636,11.572727,11.536364,7.754545,19.290909,29005.63636,55.763636,8411.0,1125.545455,44.336364,15.336364,34.336364,13.045455,20.5,56.009091,9.1,10.2,0.16,70.645455,3.254545,6.963636,15.381818,19.190909,17.345455,2.472727,8.836364,36.215174
612,4776.931818,132.936364,43.844186,14.865116,9.737209,57.725581,23.9,2.926977,67891,3.039535,14.325581,19.369767,9.846512,29.216279,35756.02381,80.476744,1976.5,819.4,25.563333,8.644186,37.597674,12.672093,18.969767,59.881395,5.344186,10.217949,6.24359,93.634884,0.844186,2.516279,4.369767,13.0,9.272093,0.530233,8.523256,35.894482
613,2327.596774,56.574194,43.345902,13.809836,8.411475,53.029508,27.721311,2.941639,65559.43103,3.583607,15.763934,17.072131,10.670492,27.742623,35015.41667,79.168852,975.354839,768.807692,24.545455,8.265574,39.632787,10.081967,15.478689,63.378689,5.345,9.187037,5.52037,94.162295,1.970492,2.918033,6.798361,13.306557,9.881967,0.509836,8.162295,36.980285
614,1859.246575,147.480822,44.521918,13.842466,9.510959,54.30411,25.319178,2.968333,63488.38806,3.634722,13.9125,18.102778,7.393056,25.495833,32220.62857,83.205556,760.547945,656.653061,27.336842,8.526027,37.19863,14.20137,19.80274,59.582192,4.866667,11.469355,9.280645,94.446575,0.532877,2.643836,2.576712,14.370833,11.320833,0.2,8.99726,36.6852
615,4467.652174,92.402174,43.367391,13.241304,8.843478,56.593478,24.293478,2.965435,70635.93023,3.543478,14.328261,16.68913,11.880435,28.569565,36890.44444,83.717391,1768.565217,769.25641,21.94375,8.136957,34.656522,16.473913,24.473913,59.752174,5.432609,10.57,4.555,96.06087,0.36087,1.708696,2.786957,13.51087,9.171739,0.16087,7.997826,37.053569
616,13692.16667,1025.933333,35.816667,11.008333,6.408333,35.808333,45.075,2.976364,49497.45455,5.845455,9.736364,12.090909,8.827273,20.918182,28448.66667,58.045455,5823.666667,815.818182,31.8,8.325,27.883333,15.341667,25.433333,58.183333,8.4,8.409091,0.172727,73.741667,1.45,4.883333,6.516667,13.575,19.872727,1.418182,6.466667,36.228295
617,4435.320755,68.001887,41.3,13.743396,7.686792,57.896226,24.954717,3.008868,75568.2549,2.056604,15.303774,20.156604,13.126415,33.283019,38353.98077,81.622642,1756.981132,823.416667,24.945238,5.084906,37.598113,19.143396,26.79434,64.432075,3.666038,13.631373,6.821569,93.201887,0.581132,3.862264,3.041509,11.816981,8.443396,0.190566,9.016981,37.77383
618,5012.275862,161.782759,43.32931,14.317241,7.867241,52.95,27.45,2.99069,70814.75,2.627586,16.02069,18.436207,11.744828,30.181034,37893.70909,80.491379,1992.362069,817.470588,25.102273,6.025862,35.775862,14.713793,24.774138,63.215517,5.122414,13.161111,4.196296,91.367241,0.262069,2.755172,2.377586,11.731034,9.972414,0.722414,7.393103,37.347482
619,3404.1,25.733333,42.79,14.043333,8.526667,55.886667,24.526667,2.892667,60431.16667,3.576667,13.23,17.08,7.316667,24.396667,32379.13333,78.866667,1411.433333,711.259259,23.204167,9.813333,40.36,12.003333,17.256667,61.74,5.776667,12.253846,6.719231,96.406667,0.406667,1.913333,2.723333,15.26,10.89,0.503333,7.506667,37.64677
620,3957.84,107.924,44.049333,15.094667,8.604,48.352,29.572,3.202027,60688.61972,4.725676,11.913514,16.52973,8.651351,25.181081,29734.60811,80.735135,1572.093333,758.631579,32.429412,10.08,39.813333,11.597333,16.878667,56.326667,5.338667,9.460294,5.891176,91.552,0.509333,2.221333,1.74,18.653333,13.498649,0.243243,9.977333,39.128294
622,6139.310811,136.294595,41.832877,15.481081,8.210811,51.686486,29.148649,3.092192,67434.38356,3.498649,14.789189,16.048649,11.444595,27.493243,34675.09722,77.144595,2387.391892,819.246377,28.73,9.352703,33.510811,12.67973,20.181081,62.209459,5.391892,10.33662,4.201408,85.1,0.859459,2.251351,2.898649,15.555405,12.118919,0.233784,10.193243,38.463828
623,2059.634615,37.3,44.1,14.375,8.7,54.644231,25.140385,3.149038,58009.2449,4.525,14.230769,14.776923,8.259615,23.036538,31038.13725,82.7,832.5,672.028571,25.166667,8.505769,40.323077,12.559615,19.117308,60.615385,4.359615,14.064444,12.22,95.934615,0.267308,2.096154,1.673077,15.903846,12.415385,0.267308,8.494231,36.653966
624,2414.45,14.39,43.731667,14.555,8.92,58.833333,23.31,2.949333,63182.62712,3.925,15.151667,15.746667,8.33,24.076667,31653.57627,84.733333,948.033333,697.478261,35.472222,9.283333,37.173333,11.876667,16.428333,61.051667,4.115,14.635593,11.505085,95.505,0.316667,2.553333,0.996667,16.981667,11.266667,0.285,8.188333,37.793584
625,3471.019608,75.121569,43.223529,15.317647,8.262745,54.937255,26.219608,2.996471,67590.93617,4.076471,15.431373,16.631373,9.890196,26.521569,36149.29412,80.35098,1429.215686,746.047619,23.680556,7.07451,40.390196,14.813725,20.868627,61.041176,5.235294,10.379167,4.9,93.517647,0.233333,2.603922,2.033333,14.696078,10.327451,0.162745,7.398039,37.993084
626,2761.140351,25.578947,44.017544,13.798246,8.34386,54.805263,25.385965,2.982281,65974.85455,3.177193,15.084211,16.015789,10.654386,26.670175,34714.51786,81.884211,1075.631579,740.307692,24.553488,7.540351,39.62807,15.24386,21.62807,60.066667,5.122807,12.203704,6.62963,95.021053,0.366667,2.522807,2.603509,15.950877,10.131579,0.291228,8.740351,38.73427
627,17400.75,544.25,41.928571,13.985714,7.142857,42.114286,37.171429,2.765714,65592.14286,4.885714,12.2,17.057143,13.814286,30.871429,38400.42857,62.457143,7776.875,837.285714,27.6,8.928571,26.2,18.871429,33.942857,58.342857,5.857143,9.8,0.585714,75.257143,0.742857,5.271429,2.385714,15.942857,16.614286,0.357143,7.414286,38.749373
628,2345.534884,43.415116,43.132558,14.165116,8.477907,54.348837,23.166279,3.014419,54612.52439,5.716279,13.273256,14.912791,5.85814,20.77093,29122.92857,81.753488,953.686046,664.184615,25.352941,11.438372,34.498837,9.396512,13.962791,57.684884,6.831395,11.179487,8.764103,95.602326,0.412791,2.494186,1.406977,19.252326,14.674419,0.359302,9.296512,39.212356
629,2745.384615,51.79359,43.535065,14.150649,9.172727,49.475325,26.928571,3.174935,51796.79167,6.577922,11.763636,11.396104,8.114286,19.51039,28028.04054,76.711688,1113.346154,638.603175,29.371429,10.933766,35.25974,12.455844,18.490909,52.505195,7.453247,9.186486,5.208108,88.749351,0.614286,3.420779,2.783117,20.163636,16.94026,0.428571,9.707792,39.097206
630,12912.19298,292.373684,42.896364,14.803636,7.821818,54.56,26.063636,3.028,76472.07407,2.534545,14.46,17.112727,15.389091,32.501818,37721.78182,81.092727,5011.0,956.466667,26.874419,8.787273,31.278182,16.061818,26.8,62.872727,4.670909,10.432075,2.079245,86.998182,0.703636,4.429091,2.3,14.214545,9.396364,0.481818,9.06,37.881252
631,19717.86957,1468.621739,38.164444,12.155556,6.784444,36.764444,42.873333,3.008,64785.95556,5.288889,10.751111,12.588889,14.46,27.048889,37594.48889,52.575556,8652.630435,994.931818,30.604545,8.813333,23.342222,22.595556,41.366667,64.822222,5.413333,12.048889,0.108889,52.14,1.16,3.691111,3.371111,13.737778,16.693333,1.628889,6.342222,38.521131
633,11799.46667,137.88,42.015556,13.135556,7.637778,55.835556,24.78,3.068889,73193.71111,3.495556,13.904444,19.848889,12.991111,32.84,34703.08889,80.553333,4451.155556,856.780488,23.957143,10.735556,40.475556,13.975556,20.98,62.233333,3.991111,12.397561,6.204878,92.362222,0.775556,2.94,2.028889,14.415556,10.797778,0.262222,8.013333,37.778884
634,1682.15,15.9425,43.010256,14.233333,7.207692,52.812821,22.320513,3.358205,52075.37143,3.920513,12.579487,12.489744,5.148718,17.638462,29921.31579,80.64359,642.25,586.956522,27.32381,11.458974,47.153846,11.064103,16.469231,59.587179,2.758974,14.452941,17.497059,95.392308,0.530769,1.333333,1.717949,14.789744,13.666667,0.061538,8.971795,35.471506
635,1836.636364,5.709091,42.49697,12.333333,12.669697,52.306061,25.015152,3.804545,48504.7931,6.769697,14.218182,9.457576,4.812121,14.269697,26538.125,80.69697,642.242424,572.5,24.221053,11.542424,47.363636,9.515152,14.80303,53.987879,4.915625,14.074074,23.555556,94.4,0.454545,3.454545,4.69697,16.630303,14.939394,0.684848,8.306061,36.18873
636,3937.411765,43.929412,43.557576,14.588235,9.129412,48.444118,25.226471,3.099394,47385.84848,5.791176,10.452941,10.711765,4.894118,15.605882,24584.33333,81.055882,1414.794118,664.461538,28.744,16.717647,43.720588,8.426471,12.3,51.3,5.233333,8.903226,7.106452,95.211765,0.376471,2.65,1.588235,26.176471,15.994118,0.064706,9.335294,38.213103
637,3524.756757,79.651351,41.663889,14.65,9.5,54.569444,25.827778,3.212222,57139.34375,5.583333,15.191667,12.680556,5.95,18.630556,28507.02778,81.541667,1345.0,750.954545,27.765,15.075,41.722222,12.302778,16.491667,59.922222,5.158333,12.511538,8.903846,94.808333,0.172222,3.094444,1.205556,16.741667,11.886111,0.111111,9.511111,39.156621
638,2499.555556,128.922222,40.636364,14.244444,8.573333,44.684444,29.082222,3.179111,41271.53659,7.993333,9.611111,8.273333,3.96,12.233333,21668.97561,68.231111,979.6,629.727273,33.653333,21.697778,45.055556,6.126667,9.675556,51.148889,4.942222,9.127273,1.669697,84.228889,0.546667,5.462222,4.362222,24.488889,23.806667,0.475556,7.28,38.996917
639,2660.689655,172.37931,45.233333,15.92069,14.737931,52.889655,20.106897,3.251071,42936.56522,7.031034,6.731034,8.658621,4.944828,13.603448,22423.875,74.631034,993.137931,599.904762,30.325,21.313793,40.696552,7.57931,11.575862,47.651724,9.748148,11.803846,8.253846,95.165517,0.241379,3.462069,2.406897,29.258621,21.12069,0.12069,10.424138,38.684853
640,10232.88889,212.861905,39.863492,11.998413,7.820635,54.806349,25.798413,3.124921,73108.93548,3.239683,16.346032,19.477778,11.904762,31.38254,35871.68333,73.37619,3918.396825,961.45614,24.796364,8.879365,35.807937,16.919048,25.684127,64.92381,3.612698,11.6875,4.453571,87.320635,1.242857,5.234921,3.834921,13.244444,8.912698,0.371429,8.438095,38.678794
641,11756.35294,844.033333,37.646,11.824,5.936,42.434,37.302,3.10898,66256.29167,3.91,10.856,15.154,14.578,29.732,38963.04082,56.782,4998.843137,1045.767442,32.017073,10.432,25.662,22.066,35.476,67.116,4.666,10.110204,0.104082,65.028,3.734,5.802,10.934,12.298,15.388,2.504,6.544,38.496971
645,14063.16667,437.033333,37.566667,12.116667,6.45,43.8,32.216667,3.171667,52568.66667,5.816667,13.416667,11.95,8.266667,20.216667,28515.83333,62.166667,5425.833333,837.0,29.666667,11.016667,37.816667,14.866667,21.283333,61.166667,5.366667,7.866667,0.916667,83.95,2.733333,5.583333,7.45,17.233333,16.633333,1.833333,8.283333,38.704143
646,1299.111111,8.557407,44.42037,15.392593,9.325926,54.644444,23.759259,3.154815,55779.54717,4.557407,15.237037,12,6.894444,18.894444,30419.46296,80.905556,488.111111,595.255814,20.216216,10.331481,47.75,11.387037,16.638889,56.737037,3.490741,14.685417,22.2875,96.142593,0.411111,2.262963,1.77963,14.601852,12.359259,0.448148,9.227778,37.946932
647,2461.456522,10.96087,44.515217,15.513043,9.158696,56.715217,22.076087,3.023478,53403.24444,5.443478,11.78913,12.373913,5.463043,17.836957,27300.21739,78.495652,974.369565,704.25,24.641667,11.893478,45.16087,9.767391,14.843478,56.18913,4.058696,14.997674,17.52093,95.31087,0.46087,3.18913,1.869565,20.026087,13.73913,0.582609,8.919565,38.524479
648,5943.0,115.423529,40.220588,12.870588,8.755882,57.017647,22.805882,3.214412,58754.03125,5.691176,13.797059,10.638235,7.467647,18.105882,26496.875,74.173529,2245.205882,737.310345,23.425,15.614706,39.567647,11.458824,16.173529,59.141176,4.8,11.835484,8.73871,87.902941,1.4,6.35,6.026471,16.408824,16.629412,1.441176,8.970588,38.345707
650,2894.111111,20.15,43.116667,14.014815,8.746296,58.575926,22.692593,3.155741,60096.11321,4.153704,14.472222,16.505556,8.211111,24.716667,31869.67925,84.087037,1109.592593,690.634146,23.051429,13.657407,38.590741,13.114815,19.294444,59.87037,4.218519,12.969231,14.326923,95.659259,0.305556,2.281481,1.727778,15.501852,10.985185,0.503704,9.407407,37.474566
651,35218.0,140.6,38.6,12.45,7.15,48.0,32.85,3.11,64091,3.1,13.2,17.8,11.55,29.35,35012.0,65.9,13516.5,707,22.65,7.7,28.85,23.35,35.6,63.6,3.3,10.2,2.75,80.9,0.75,2.95,2.9,11.0,9.6,0.5,7.95,40.173275
652,6060.586957,144.884783,43.208696,15.215217,10.384783,48.532609,28.786957,3.249091,58773.69767,4.663636,14,14.35,7.734091,22.084091,29396.31111,81.577273,2313.021739,689.666667,22.988889,8.726087,39.447826,15.378261,22.463043,57.528261,3.106667,13.25641,12.797436,92.247826,0.508696,2.384783,1.65,17.115217,14.477273,0.318182,10.669565,36.435871
653,3385.451613,21.780645,43.406452,14.219355,10.316129,55.151613,23.758065,3.032258,54355.62069,4.687097,12.970968,12.487097,6.070968,18.558065,28262.96774,76.496774,1271.612903,740.296296,24.56,11.306452,36.412903,12.758065,20.593548,57.880645,3.470968,15.03,14.16,93.270968,1.029032,3.232258,3.632258,18.767742,13.967742,1.316129,9.780645,38.082327
654,3306.964286,9.392857,45.732,18.181481,15.0,47.422222,26.007407,3.0048,48147.36364,4.87037,8.403704,10.633333,3.396296,14.02963,26283.56522,81.311111,1147.142857,690.25,27.74,16.322222,40.314815,11.681481,17.225926,54.5,5.725926,11.738095,12.957143,93.207407,0.285185,3.903704,1.814815,26.52963,14.144444,0.207407,13.655556,38.140584
655,3961.806452,18.8,42.680645,15.835484,7.603226,59.393548,21.477419,3.417097,48342.08333,5.9,12.125806,12.858065,5.329032,18.187097,26717.75,77.741935,1520.83871,708.1,27.2,13.229032,44.2,8.896774,13.477419,53.722581,8.83871,11.948,11.492,91.9,0.477419,3.732258,2.16129,21.629032,16.503226,0.13871,12.422581,38.199809
656,3063.085714,31.481429,46.54058,15.647143,11.834286,57.645714,20.711429,3.054348,50080.85714,5.685714,11.85,10.084286,5.401429,15.485714,26007.8806,77.545714,1186.657143,709.215686,36.2975,13.531884,39.192754,10.33913,15.447826,51.954286,4.576812,15.02,13.915,95.118571,0.727143,3.0,2.195714,19.041429,16.062857,0.33,9.168571,38.379786
657,4028.621622,38.759459,43.282857,14.244444,10.527778,55.445833,20.031944,3.183043,49486.8,5.021127,12.961972,10.64507,5.03662,15.68169,26344.36923,81.423944,1515.891892,717.869565,32.113636,10.905634,41.560563,10.64507,16.060563,53.034722,5.11831,15.236508,13.925397,94.093056,0.805556,3.525,2.881944,19.7875,19.594366,0.391549,10.901389,38.449981
658,25971.55556,1213.4,35.475,10.275,6.7875,41.925,41.5375,2.742857,54611.42857,5.2625,9.15,10.2875,9.0625,19.35,27110.875,47.85,11673.0,827.285714,30.383333,6.4,23.175,18.5,30.2,56.425,6.4125,12.385714,0.771429,87.7625,1.2,4.225,4.0375,13.575,26.1,0.9375,6.0,38.550685
660,7630.985294,72.944118,39.316176,12.772059,6.572059,54.580882,26.563235,3.118939,72915.98485,3.29697,15.609091,17.522727,13.85,31.372727,34486.17647,77.260606,2849.397059,878.135593,29.266038,7.027941,34.948529,17.238235,26.825,62.847059,3.670149,12.75,10.837879,89.639706,1.307353,4.173529,5.183824,13.304478,10.018182,0.651515,8.426471,39.093675
661,13372.33333,530.125,33.755556,9.755556,5.333333,40.011111,39.5,3.444444,49976.33333,4.522222,11.7,11.755556,5.5,17.255556,29660.44444,56.4,4833.916667,949.666667,32.711111,21.622222,31.655556,12.322222,19.055556,65.744444,6.166667,9.9,0.2,55.544444,10.977778,8.911111,33.533333,14.4,19.544444,9.733333,6.633333,37.879052
662,16375.12,971.492,39.883333,11.624,6.436,56.028,30.144,3.009167,107240.3333,1.548,16.5,18.516,30.192,48.708,54189.04167,67.08,6768.8,1323.375,24.443478,2.468,10.94,39.164,62.896,71.964,2.748,14.929167,0.4875,84.744,1.24,4.2,10.24,7.992,4.888,1.84,5.444,38.329124
664,2419.514286,12.594286,42.108571,15.58,7.374286,59.56,23.057143,3.123429,67165.6,2.92,15.188571,18.114286,8.611429,26.725714,35057.4,77.782857,895.228571,769.965517,22.352,4.76,38.531429,14.808571,22.331429,65.574286,2.777143,14.64,17.397143,90.88,0.977143,4.974286,4.542857,16.371429,8.72,0.602857,8.937143,39.356304
665,3091.581395,88.35814,40.439535,13.586047,7.24186,57.918605,26.432558,3.284048,65725.7,4.595238,14.797619,16.445238,9.302381,25.747619,32607.70732,78.909524,1171.465116,847.27027,39.396774,5.842857,35.014286,16.907143,25.840476,64.855814,3.195349,13.412821,13.25641,91.74186,0.383721,4.486047,3.506977,13.723256,10.164286,0.288095,10.176744,39.423682
666,9161.055556,509.888889,38.294444,11.605556,7.222222,41.316667,36.083333,3.04875,56638.75,3.7875,11.71875,14.4625,8.2875,22.75,31143.29412,59.51875,3796.111111,909.8125,30.4,7.322222,34.05,20.016667,28.883333,59.261111,6.770588,8.1875,0.675,75.316667,3.261111,8.122222,13.777778,14.676471,15.10625,2.2,10.594444,37.979285
667,2221.27451,20.190196,43.214286,14.685714,9.514286,54.928571,22.82449,3.116939,54841.56522,6.406122,15.777551,10.640816,6.257143,16.897959,29049.19565,79.989796,876.196078,679.72973,32.632353,9.569388,33.671429,12.355102,19.002041,60.130612,3.746939,9.525,13.865909,92.308163,0.838776,4.961224,2.8,18.773469,15.018367,0.067347,8.14898,38.781513
668,1655.628571,4.877143,47.011429,14.254286,10.785714,54.865714,21.571429,3,57971.54545,4.111429,13.582857,15.225714,6.814286,22.04,32971.41176,81.594286,682.371429,688.222222,22.33913,6.965714,35.451429,16.86,23.817143,59.777143,2.548571,15.125,16.021429,94.522857,0.522857,3.568571,4.248571,16.222857,11.222857,0.814286,9.711429,39.791716
670,3196.931034,54.627586,41.707018,15.97069,8.558621,57.860345,22.543103,3.085965,61909.67925,4.92069,12.165517,14.893103,8.986207,23.87931,32515.8,78.586207,1200.517241,780.212766,27.597727,7.675862,31.805172,18.208621,25.641379,58.836207,4.961404,14.420455,10.168182,92.856897,0.791379,3.981034,5.689655,16.563793,12.439655,0.306897,7.686207,40.380648
671,2719.714286,26.211905,42.747619,14.066667,8.428571,62.492857,21.528571,3.095714,65168.825,3.633333,14.483333,16.87381,10.061905,26.935714,33279.71795,78.82619,1025.690476,758.233333,22.626923,5.980952,31.090476,17.761905,25.204762,63.604762,2.961905,14.905556,13.858333,93.585714,0.42619,4.197619,3.940476,13.940476,8.328571,0.628571,7.428571,40.427812
672,15096.71429,667.139286,34.62963,10.985185,5.603704,47.766667,33.192593,3.264615,69651.30769,3.665385,11.523077,16.303846,14.315385,30.619231,35424.15385,65.803846,5904.5,964.681818,27.695,10.344444,21.733333,25.418519,37.718519,67.607407,6.023077,11.538462,0.430769,72.611111,4.151852,7.762963,14.437037,13.030769,14.480769,3.153846,7.111538,39.00199
674,2346.421053,13.298246,42.916071,14.892982,10.182456,55.782456,23.680702,3.084464,57157.81481,4.766667,14.307018,12.629825,6.57193,19.201754,31017,79.566667,963.052632,673.955556,22.881579,7.231579,32.977193,14.868421,20.892982,61.773684,2.801786,17.583673,16.110204,93.750877,0.629825,3.991228,4.949123,15.838596,12.566667,0.212281,9.442105,40.355119
675,2212.698113,20.354717,46.283019,18.364151,7.462264,58.811321,20.507547,3.043585,56269.68627,5.133962,13.818868,12.218868,7.530189,19.749057,31706.13462,80.962264,885.811321,676.736842,22.74,7.990566,31.028302,14.835849,20.156604,63.184906,3.677358,16.597674,15.995349,92.55283,1.964151,4.011321,7.167925,19.216981,10.432075,1.05283,7.745283,41.045886
678,3006.564103,10.2,42.123077,14.766667,8.864103,57.630769,24.405128,3.265128,58895.19444,3.053846,12.833333,13.910256,8.782051,22.692308,33362.34211,73.607692,1051.923077,721.125,19.277419,16.530769,28.933333,14.269231,21.012821,62.817949,3.617949,22.417647,15.723529,87.725641,4.246154,6.033333,21.205128,14.076923,9.628205,5.041026,8.046154,42.853164
679,4898.833333,6.066667,39.45,15,5.433333,53.083333,29.866667,3.593333,53194.66667,3.05,10.983333,19.966667,3.85,23.816667,30675.5,66.916667,1601.333333,805.4,22.52,17.583333,36.6,9.3,12.633333,61.9,3.166667,14.46,10.56,80.366667,7.516667,10.25,29.966667,16.1,10.833333,7.85,4.183333,42.784275
680,4312.636364,58.929091,41.136364,13.990909,7.556364,56.407273,26.243636,3.092778,75447.69811,2.988889,14.116667,19.57963,14.616667,34.196296,39061.90566,78.438889,1601.254545,839.416667,24.190698,6.774545,32.143636,17.770909,27.701818,66.34,3.854545,13.814,9.928,87.416364,0.850909,4.236364,4.276364,13.192727,10.187273,0.387037,8.592727,37.277369
681,16858.39474,1233.639474,34.608108,9.821622,5.102703,46.572973,38.294595,3.11,73273.19444,3.594444,13.891667,17.491667,14.741667,32.233333,37639.35135,60.069444,6633.131579,1094.555556,29.877143,8.713514,21.551351,27.681081,40.543243,69.478378,4.472973,9.794286,0.234286,75.7,3.667568,5.991892,13.624324,10.318919,11.95,2.791667,8.1,37.594863
683,1152.685714,14.564286,46.307143,15.9,9.32,61.14,20.702857,2.902429,68210.23881,3.047143,14.792857,17.16,10.77,27.93,35873.1791,83.55,464.757143,735.52,23.348837,6.931429,32.72,17.154286,23.997143,64.405714,1.97,17.916071,16.435714,95.255714,0.44,2.904286,3.554286,15.012857,8.572857,0.88,8.731429,38.397367
684,1332.214286,17.557143,44.635714,16.166071,9.519643,61.191071,21.748214,2.847679,66648.24074,4.046429,14.003571,17.789286,11.251786,29.041071,34693.23214,81.153571,506.875,814.452381,21.542857,6.851786,34.105357,16.935714,23.478571,64.676786,3.389286,16.958333,15.245833,95.819643,0.683929,2.151786,3.217857,14.710714,8.092857,0.328571,9.082143,38.055584
685,12958.13043,695.295652,38.304545,13.809091,7.504545,54.445455,33.622727,3.015909,85035.04545,2.327273,13.013636,21.177273,19.563636,40.740909,38445.2381,68.731818,5201.434783,978.0625,26.33125,6.286364,21.527273,23.963636,39.045455,70.122727,2.727273,12.415,1.53,86.563636,1.218182,5.090909,6.577273,10.336364,9.840909,2.131818,6.663636,37.90679
686,1775.47619,11.664286,44.97619,14.87619,9.397619,59.2,23.7,3.031667,66052.725,3.2,15.769048,16.202381,10.261905,26.464286,32881.92857,82.785714,689.833333,711.378378,18.283333,7.388095,35.7,14.254762,19.088095,65.780952,1.921429,21.494872,20.820513,95.528571,1.330952,2.242857,5.454762,12.554762,7.521429,1.647619,7.409524,38.236317
687,1749.808219,11.173973,42.793151,15.393151,8.565753,59.072603,24.00274,3.059589,61895.5,4.3,16.279452,13.857534,8.417808,22.275342,31776.29577,78.075342,675.410959,689.20339,22.531373,8.224658,35.438356,15.115068,20.634247,68.479452,2.426027,20.83871,19.829032,91.705479,2.268493,2.969863,6.850685,12.317808,8.778082,1.326027,7.808219,38.226632
688,2661.25,52.723438,43.289063,15.034375,9.817187,60.192188,23.4625,2.96127,61201.54839,3.27619,15.090476,14.3,8.003175,22.303175,32487.48438,77.820635,1024.53125,733.481481,28.55098,6.6375,35.125,16.2375,21.445313,66.332813,2.56875,17.815789,19.042105,92.901562,2.559375,3.1125,7.159375,14.340625,8.1,1.052381,7.998437,40.196317
689,1298.781818,6.958182,44.207407,14.956364,11.323636,61.52,20.025455,3.011296,63917.07692,4.092727,17.627273,13.978182,8.576364,22.554545,32846.9434,82.276364,531.2,689.682927,20.278788,6.201818,34.545455,16.14,22.210909,62.832727,2.183333,19.814286,16.5,95.712727,0.821818,2.414545,3.658182,14.145455,9.992727,0.858182,8.198182,40.654171
690,943.192308,1.369231,45.856,16.761538,10.996154,56.096154,21.538462,3.1064,57194.04545,4.023077,12.073077,13.476923,7.05,20.526923,30777.16667,76,386.038461,638.941176,25.413333,8.903846,26.534615,14.173077,20.438462,66.023077,3.176923,21.644444,20.055556,93.688462,3.111538,2.007692,6.5,14.430769,9.276923,1.246154,7.361538,43.832548
691,1740.613636,1.813636,46.161905,17.181395,10.130233,61.583721,18.581395,2.883488,57801.69048,4.055814,15.437209,13.202326,7.965116,21.167442,31641.7,75.165116,736.931818,717.027027,21.26,7.693023,30.425581,17.97907,23.755814,63.134884,2.234884,18.632432,18.808108,95.432558,0.934884,2.602326,4.851163,15.518605,9.2,0.809302,10.065116,44.133404
693,2331.103448,30.362069,45.010714,17.042857,9.4,60.135714,23.864286,2.933214,56171.68,3.539286,12.775,11.621429,6.807143,18.428571,29182.65385,73.082143,953.724138,725.65,26.3,8.982143,31.007143,15.407143,21.121429,61.442857,2.782143,18.652381,19.614286,90.475,2.25,3.682143,10.557143,17.217857,9.710714,1.717857,7.985714,44.206755
700,12796.86667,610.713333,41.434884,12.091111,9.688889,44.684444,31.928889,3.286744,57487.43902,5.717778,10.94,13.377778,10.68,24.057778,30616.80952,74.982222,4864.688889,978.030303,36.47,18.033333,35.344444,12.48,19.617778,58.155556,6.875,14.327273,0.127273,57.224444,2.388889,4.202222,10.822222,16.191111,18.853333,4.522222,4.908889,38.384097
701,19259.09091,1774.104545,37.25,12.375,6.165,28.705,50.915,3.4885,46493.55,7.27,9.405,10.51,11.395,21.905,29402.4,45.035,7946.818182,1068.3,57.375,11.695,21.905,20.795,38.435,60.645,7.805,17.168421,0.063158,36.65,1.92,3.85,6.16,13.605,26.18,1.92,4.91,38.193333
703,7999.529412,124.338235,40.40303,10.985294,7.738235,46.929412,33.397059,3.163333,55079.96667,5.575758,12.675758,14.348485,7.739394,22.087879,26143.5,77.706061,3026.264706,801.958333,33.605556,22.160606,45.142424,6.736364,10.681818,56.814706,5.929412,13.28125,0.3625,72.755882,1.588235,3.141176,5.244118,19.102941,17.412121,2.042424,5.394118,37.087364
704,11845.25641,270.05641,39.731579,12.023077,7.620513,44.223077,33.974359,3.256389,57337.87879,6.927027,10.910811,11.87027,11.697297,23.567568,29079.62162,77.216216,4438.102564,945.566667,33.866667,15.387179,35.451282,14.320513,23.146154,56.44359,10.571795,14.459459,2.472973,71.835897,0.946154,2.74359,3.553846,20.720513,23.186842,3.513514,7.017949,37.911549
705,10379.96721,138.267213,38.358621,11.774576,6.347458,45.457627,32.925424,3.288793,52119.09259,6.110169,12.515254,15.149153,6.837288,21.986441,26968.2807,70.620339,3943.918033,716.183674,32.413333,18.094915,42.962712,11.528814,15.769492,56.155932,7.048276,12.748214,2.316071,66.686441,1.089831,3.90678,2.99322,17.045763,18.90339,1.786441,5.489831,38.559954
706,7219.769231,531.058974,39.542105,12.478947,5.881579,49.073684,27.255263,3.253056,57309.96875,4.616216,11.051351,13.905405,9.440541,23.345946,29375.79412,78.535135,2607.282051,810.952381,29.9375,14.681579,40.842105,12.671053,17.207895,54.768421,6.321053,9.762162,4.82973,83.965789,0.597368,2.518421,2.626316,17.723684,15.372973,0.810811,6.284211,35.919025
707,7510.448276,63.974138,39.673684,13.07193,6.135088,47.0,31.970175,3.292982,64449.96154,5.036842,13.252632,16.157895,12.514035,28.67193,32952.39216,78.561404,2624.948276,903.809524,44.342424,16.819298,38.133333,13.138596,17.977193,56.512281,6.803509,9.962963,1.598148,65.285965,0.740351,2.047368,2.594737,16.72807,14.219298,0.833333,5.775439,37.018642
708,18454.95238,861.052381,33.195,9.665,4.79,30.615,50.195,3.312778,57022,4.933333,11.494444,13.688889,12.705556,26.394444,32487.2,52.572222,7017.904762,1024.444444,35.782353,9.210526,24.705263,20.815789,36.326316,63.79,8.305,14.676471,0.223529,38.835,2.21,3.995,4.965,14.6,19.972222,2.561111,4.605,37.810087
710,3282.962264,29.713208,44.760377,14.664151,10.649057,45.096226,30.311321,3.150577,42720.72,8.501887,10.118868,10.937736,4.962264,15.9,24317.44231,77.328302,1242.943396,686.487805,36.751429,16.075472,44.241509,9.183019,13.315094,49.430189,8.448077,9.72449,4.434694,65.569811,0.471698,3.011321,2.683019,19.871698,21.898113,0.411321,9.850943,37.47608
711,19684.6,471.413333,37.746667,11.56,6.953333,37.8,40.393333,3.305333,45302.73333,7.133333,9.873333,10.8,8.5,19.3,26557.6,50.886667,7665.4,925.533333,37.713333,12.9,30.2,14.773333,25.213333,59.413333,8.82,12.073333,0.66,44.346667,1.413333,3.56,4.166667,15.913333,22.146667,0.853333,10.066667,40.446466
712,6579.745098,281.34902,39.148936,12.429167,7.520833,44.352083,36.64375,3.426667,45095.55814,8.7,8.884783,11.271739,6.665217,17.936957,23835.29545,68.169565,2362.372549,727.918919,36.040741,15.564583,36.825,9.441667,16.05,50.197917,6.110417,12.437209,4.344186,67.264583,1.495833,2.633333,2.608333,15.7875,24.369565,0.504348,5.714583,37.887105
713,4639.071429,72.664286,41.5,14.257143,7.707143,42.37381,34.761905,3.30425,40643.60606,9.934146,11.6,9.534146,6.434146,15.968293,22663.31579,74.782927,1698.428571,671.066667,37.22963,21.304762,36.814286,9.735714,14.942857,49.407143,8.078571,12.886111,4.875,66.507143,0.661905,2.911905,2.519048,20.32619,27.621951,0.553659,5.792857,38.221385
714,3144.847458,53.122034,39.540351,11.008621,7.867241,44.215517,32.701724,3.433158,47361.87755,7.65,8.668966,14.286207,7.889655,22.175862,24611.07547,68.282759,1087.40678,736.536585,33.228571,16.215517,44.701724,11.051724,14.498276,50.806897,8.748276,8.753191,3.506383,77.737931,1.108621,3.493103,2.862069,18.363793,21.910345,0.586207,7.658621,37.771012
716,4305.457143,10.834286,42.875,14.738235,11.076471,45.991176,29.144118,3.224375,41446.21429,10.038235,7.697059,7.979412,6.211765,14.191176,24262.19355,70.658824,1573.314286,615.461538,28.690909,22.2,40.111765,8.282353,13.429412,44.014706,5.78125,9.306897,2.306897,58.664706,1.741176,1.808824,5.082353,23.552941,23.691176,0.408824,4.755882,37.821575
718,3429.428571,12.34,44.325714,13.857143,11.017143,51.148571,23.745714,3.241143,48975.21212,5.862857,9.817143,12.448571,4.957143,17.405714,25121.38235,79.525714,1290.342857,645.923077,30.504167,13.777143,46.042857,8.834286,14.511429,49.882857,7.088235,11.056667,8.113333,69.554286,4.654286,3.594286,5.834286,23.671429,18.234286,1.431429,8.362857,37.60919
719,4630.054054,178.289189,42.935135,13.832432,10.581081,52.786486,26.054054,3.003714,46322.24242,7.788571,11.36,10.14,5.134286,15.274286,23843.08108,77.074286,1920.891892,710.583333,30.268182,11.608333,38.719444,11.058333,15.958333,52.224324,6.354054,14.95,10.240625,88.327027,1.927027,2.778378,5.17027,22.802703,18.177143,1.071429,9.067568,37.635834
720,5399.16,121.953333,42.468493,13.471622,9.567568,50.674324,25.786486,3.190694,52371.85294,5.533333,10.626389,10.9125,7.597222,18.509722,27485.73913,76.881944,2069.773333,696.384615,28.055556,14.172603,40.894521,10.780822,15.69863,54.574324,5.672973,12.354098,5.652459,81.472973,0.648649,3.621622,3.309459,22.705479,14.409722,0.688889,10.043243,38.072783
721,5367.166667,108.888333,44.087273,15.510526,9.763158,50.550877,23.798246,3.206852,52095.4902,7.508929,11.239286,11.358929,6.769643,18.128571,26022.15385,75.326786,2077.116667,734.297297,31.4625,14.759649,41.536842,11.696491,16.570175,51.185965,6.518182,11.810417,4.616667,79.214035,1.394737,2.887719,3.380702,24.976786,19.510714,0.678571,7.801754,38.14091
722,18245.41667,669.808333,37.933333,12.133333,6.475,40.608333,38.091667,3.028333,65523.66667,4.45,11.591667,14.441667,15.641667,30.083333,40405.0,55.925,7642.833333,953.75,29.225,7.208333,19.841667,26.408333,48.308333,66.291667,4.125,13.933333,0.325,58.433333,1.991667,3.766667,5.366667,13.475,14.191667,1.791667,6.841667,39.032349
723,2660.293103,27.803448,43.034694,18.356604,9.29434,42.322642,30.886792,3.1668,41129.02439,8.803774,8.883019,10.064151,4.822642,14.886792,26800.63043,65.690566,988.293103,635.333333,30.143333,22.898113,38.328302,8.118868,11.213208,50.20566,9.892,14.491667,1.544444,57.660377,1.211321,4.896226,4.128302,25.228302,22.692453,2.04717,7.520755,39.184571
724,3924.866667,82.628333,42.575,13.471667,10.071667,51.048333,23.565,3.009322,44483.35088,8.518333,11.26,8.9,3.926667,12.826667,24048.55,72.106667,1513.75,641.386364,27.515789,16.551667,41.828333,9.21,13.32,53.603333,5.851667,11.822449,5.308163,92.948333,0.828333,3.941667,3.028333,22.241667,19.265,0.418333,8.106667,38.97647
725,1927.054545,15.810909,49.977358,16.705556,13.816667,55.174074,18.294444,3.127778,45584,6.738889,13.746296,5.446296,6.140741,11.587037,24613.58824,83.453704,749.818182,653,28.486364,15.948148,38.831481,8.937037,12.687037,46.788889,6.324528,12.286364,10.815909,93.811111,0.509259,4.038889,1.507407,25.294444,14.505556,0.051852,11.698148,38.446348
726,2817.040816,28.267347,49.427083,18.55102,11.773469,53.54898,18.695918,3.115957,49426.97619,7.826531,15.834694,10.655102,3.108163,13.763265,26103.95455,79.922449,1168.346939,668.555556,27.92,13.677551,39.393878,10.414286,14.518367,46.75102,4.131915,14.052381,10.233333,93.391837,0.420408,4.47551,2.544898,25.228571,14.377551,0.363265,10.62449,38.391563
727,13386.425,124.465,39.966667,14.5825,7.0025,54.7025,24.9575,3.173846,64574.58333,3.52,14.1775,14.0875,11.3525,25.44,33307.27027,72.8525,4937.425,939.935484,24.951724,10.745,35.175,16.69,28.2275,57.9475,3.276923,13.310811,7.521622,80.685,2.44,9.825,8.98,14.5875,9.9575,2.4325,10.74,38.73426
728,3514.057143,41.211429,45.961765,17.767647,9.220588,57.914706,21.464706,3.035882,45674.73333,4.711765,10.094118,8.361765,4.438235,12.8,23604.34375,76.788235,1310.8,658.318182,29.255556,18.397059,42.735294,9.882353,13.85,46.4,3.693939,12.074074,8.548148,91.273529,3.188235,3.229412,6.65,23.147059,17.65,1.567647,9.95,38.248433
729,6487.057143,110.24,42.188235,13.670588,10.420588,53.823529,21.144118,3.109118,47329.51515,5.952941,10.214706,11.335294,6.164706,17.5,26530.30303,76.152941,2555.942857,703.896552,29.632,15.367647,36.417647,10.570588,15.882353,53.238235,3.902941,11.632353,6.958824,86.323529,2.438235,4.95,6.341176,22.558824,17.805882,0.852941,9.923529,38.791739
730,9160.341176,104.718823,41.496386,12.126506,8.328916,52.885542,24.750602,3.171341,64348.82051,3.94878,12.478049,16.10122,11.534146,27.635366,32610.0,76.62439,3381.305882,835.413333,25.047887,10.843373,36.573494,15.544578,22.931325,57.955422,4.653659,13.591026,10.269231,77.703614,1.706024,9.254217,7.687952,16.954217,14.863855,0.878049,7.710843,40.589857
731,16061.46512,847.188372,35.325581,9.888372,5.972093,44.260465,35.602326,3.151395,62937.34884,4.309302,12.460465,13.618605,11.953488,25.572093,34439.72093,56.988372,6480.139535,958.525,28.14,12.446512,25.781395,19.183721,30.84186,65.602326,4.674419,13.15814,0.367442,62.283721,4.14186,9.509302,17.986047,13.727907,16.876744,3.383721,10.248837,40.227465
734,2781.121212,18.148485,42.909091,13.018182,10.321212,52.012121,22.339394,3.203636,50794.71875,5.872727,15.112121,10.460606,5.821212,16.281818,27689.15625,76.012121,1051.484848,709.035714,23.444,13.736364,45.733333,9.406061,13.506061,53.663636,4.769697,11.107692,14.242308,73.493939,2.706061,13.184848,6.445455,21.724242,17.381818,0.648485,9.284848,42.332067
735,4275.25,32.316667,41.547917,13.789583,8.325,51.0375,25.520833,3.217234,56075.44444,5.693617,11.959574,13.593617,8.034043,21.62766,29414.65957,73.482979,1582.416667,697.3,24.078125,12.722917,36.245833,12.29375,18.825,56.28125,5.941667,11.5,12.364103,78.125,4.78125,8.05,14.09375,23.044681,15.242553,1.053191,12.885417,42.834753
736,1772,9.215152,44.042424,15.863636,8.30303,52.318182,22.606061,3.279394,55627.96875,5.345455,11.315152,13.415152,8.593939,22.009091,28588,75.593939,656.333333,730.916667,25.53125,10.463636,39.163636,12.415152,18.942424,58.175758,5.087879,14.97931,24.965517,86.139394,2.639394,6.412121,9.345455,20.854545,14.951515,0.842424,7.1,40.975913
737,2183.530612,14.426531,42.658333,14.622917,9.6875,55.533333,22.314583,3.113191,62033.93023,3.95,13.058333,15.991667,9.339583,25.33125,31194.53191,78.177083,820.755102,740.84375,20.95,10.210417,36.045833,17.235417,24.383333,59.360417,4.675,13.8625,20.3325,88.533333,2.2125,5.322917,7.135417,17.080851,10.216667,1.8,10.010417,41.054968
738,1677.210526,2.647368,41.868421,12.989474,8.468421,54.726316,24.747368,3.248947,57475.05556,5.452632,12.626316,13.894737,9.947368,23.842105,29209.10526,79.010526,642.526316,777.533333,20.121429,11.110526,35.173684,15.568421,21.305263,58.0,5.568421,14.358824,26.729412,87.089474,3.973684,5.5,9.842105,19.731579,12.115789,1.578947,8.026316,42.059681
740,9716.970149,150.602985,39.58806,12.555224,7.591045,51.743284,26.828358,3.149231,56232.32258,4.60303,12.536364,13.215152,8.983333,22.198485,29720.98485,73.15,3595.0,808.467742,26.516393,11.173134,37.686567,13.974627,20.422388,56.434328,4.831818,11.425,7.768333,74.48806,1.074627,11.004478,4.374627,15.544776,16.60303,0.513636,7.6,39.832235
741,14953.75862,937.803448,35.696429,10.675,5.746429,39.596429,38.175,3.151481,53883.55556,4.907407,11.207407,11.792593,10.248148,22.040741,30443.03571,52.22963,6089.206897,907.037037,28.796296,13.557143,28.55,17.228571,26.839286,62.889286,6.6,13.140741,0.314815,61.792857,4.8,10.567857,16.685714,14.796429,18.751852,3.6,6.785714,38.842237
743,4147.9,53.126667,42.98,14.156667,9.573333,51.813333,24.11,3.118333,44153.34483,7.483333,12.87,8.576667,4.363333,12.94,24692.34483,76.49,1609.7,727.714286,28.15,16.133333,41.953333,9.19,12.593333,51.583333,4.96,12.714286,10.35,62.633333,1.166667,10.676667,4.04,25.14,22.33,0.613333,8.536667,38.898815
744,5037.651163,36.07907,44.319048,17.05814,10.004651,51.113953,22.665116,3.063571,49071.07317,6.076744,13.137209,11.376744,5.104651,16.481395,27161.53659,76.374419,1903.627907,718.421053,30.576471,11.632558,38.053488,12.044186,17.093023,51.665116,6.823256,10.789474,9.694737,62.437209,0.976744,13.002326,4.034884,23.023256,16.7,0.262791,9.860465,39.415796
745,2093.205128,18.4,43.202564,15.605128,9.853846,53.366667,21.746154,3.091795,43913.21622,7.758974,8.7,10.307692,5.146154,15.453846,26537.0,78.610256,798.769231,623.741935,29.489655,14.105128,40.648718,10.415385,16.207692,49.148718,5.446154,12.258621,16.062069,68.502564,0.289744,17.976923,4.520513,26.374359,18.446154,0.179487,10.648718,40.669896
746,2973.333333,8.6,43.438889,16.761111,8.25,53.366667,25.661111,3.192222,56027.11111,4.166667,13.455556,15.427778,7.583333,23.011111,29625.55556,79.966667,1131.5,629.5,21.23125,12.027778,38.333333,13.3,17.627778,55.861111,6.916667,11.24375,14.75625,75.011111,2.75,10.155556,6.127778,20.694444,13.705556,0.694444,8.644444,40.548296
747,2617.147059,21.020588,40.721212,12.448485,11.366667,50.354545,25.412121,3.266364,45816.23333,6.718182,9.390909,10.730303,5.354545,16.084848,25339.66667,75.833333,991.529412,643.851852,28.43913,13.624242,41.90303,9.809091,15.054545,54.006061,6.2,10.97037,13.485185,69.875758,0.912121,9.736364,3.4,25.766667,17.769697,0.436364,9.830303,40.525237
748,4215.574468,22.631915,41.719149,13.821277,8.755319,50.517021,24.785106,3.334894,52315.59574,6.568085,11.876596,12.67234,5.729787,18.402128,28800.95745,78.542553,1531.93617,696.727273,26.1975,13.553191,39.782979,11.680851,16.802128,50.823404,5.931915,10.527273,15.261364,72.276596,0.465957,9.555319,4.891489,21.431915,17.229787,0.442553,9.029787,40.635546
749,3381.03125,29.753125,39.671875,11.821875,8.4125,49.7875,25.278125,3.276875,41148.84375,8.125,9.91875,8.19375,3.85625,12.05,23509.5625,72.971875,1216.875,659.7,28.910345,17.440625,43.575,8.95625,12.678125,49.95,9.06875,14.081481,11.196296,64.4125,1.41875,11.64375,4.48125,21.896875,24.8125,0.609375,8.95625,39.751447
750,41306.45161,1108.935484,36.896774,9.143548,5.056452,56.077419,29.15,3.31129,96428.51613,2.033871,13.569355,19.762903,26.032258,45.795161,46804.1129,63.780645,14545.66129,1478.241935,28.178689,10.066129,18.212903,28.324194,44.182258,70.674194,4.164516,14.988136,0.784746,61.691935,4.574194,8.333871,23.303226,8.159677,7.867742,5.719355,5.920968,41.07746
751,16981.34615,271.913461,38.539216,11.837255,6.366667,52.833333,28.019608,3.413529,68254.4,3.447059,13.466667,16.684314,11.943137,28.627451,32549.37255,75.945098,5699.461538,1113.770833,30.597674,17.101961,31.837255,12.762745,18.654902,62.164706,5.672549,13.563462,4.596154,69.756863,4.856863,7.590196,25.476471,14.04902,11.84902,3.360784,7.198039,38.741158
752,27504.46,1774.32,34.472917,9.283333,4.670833,38.352083,43.804167,3.25375,66939.66667,4.325,11.295833,12.885417,15.71875,28.604167,38888.60417,40.585417,10797.28,1250.979167,31.86875,18.947917,20.414583,23.483333,38.24375,68.3875,5.775,16.172917,0.289583,55.775,8.229167,8.008333,36.189583,11.05,17.4625,8.922917,4.758333,40.195213
754,5140.337838,31.825676,42.458333,13.2625,9.490278,55.954167,22.9,3.093472,63523.27941,5.468056,13.702778,16.341667,10.5375,26.879167,32237.5,77.922222,1862.554054,930.578947,46.558824,14.116667,33.947222,13.572222,19.045833,58.533333,4.301389,13.62,12.282857,85.627778,2.877778,5.065278,12.738889,17.281944,13.179167,1.3,8.780556,39.512314
755,5235.375,48.733333,42.130435,14.734783,8.330435,52.33913,25.917391,3.247826,52211.19048,5.195652,13.952174,11.526087,6.056522,17.582609,28585.77273,73.378261,1955.458333,724.578947,26.866667,11.530435,45.043478,9.795652,15.417391,53.33913,5.665217,11.404545,8.645455,80.804348,2.082609,2.13913,8.447826,16.086957,17.213043,0.717391,8.595652,38.280372
756,7520.711111,54.193333,40.773684,14.79,10.215,50.3775,26.1475,3.214615,55234.48649,4.42,13.02,15.91,7.975,23.885,27496.37838,78.12,2730.377778,864.69697,30.723333,13.515,32.645,10.51,14.9875,53.0025,4.9,11.456757,6.967568,72.8425,2.325,5.6325,11.96,19.86,13.8175,1.115,10.6825,38.974573
757,9309.375,204.6925,40.873684,12.841026,7.846154,51.869231,26.112821,3.213514,59680.27027,3.939474,12.55,14.463158,9.389474,23.852632,29307.64865,73.842105,3343.575,916.411765,26.8125,15.228205,28.064103,12.307692,19.394872,54.776923,5.527027,13.531429,5.86,75.071795,1.817949,8.953846,17.510256,15.038462,13.473684,2.186842,6.94359,39.047865
758,4349.821429,416.046429,43.481481,17.317857,7.217857,46.164286,26.339286,3.13,48764.86364,5.534615,9.823077,10.942308,9.542308,20.484615,26709.75,72.865385,1394.75,797.95,28.463158,18.303571,40.028571,11.239286,14.875,45.55,4.176923,11.308696,13.656522,78.092857,2.103571,5.253571,12.914286,19.577778,18.17037,1.857692,7.267857,39.031583
759,5784.227273,153.804545,41.597727,13.054545,8.472727,48.838636,28.152273,3.159767,46789.41463,7.453488,10.739535,11.318605,6.393023,17.711628,23529.72727,74.148837,2112.318182,779.882353,47.378571,18.320455,34.572727,11.365909,15.645455,52.2,11.361364,11.590244,7.795122,75.509091,1.993182,4.527273,12.447727,21.197727,20.793023,1.044186,8.063636,36.52973
760,21996.68333,626.236667,37.906667,11.426667,6.565,55.753333,27.195,3.260667,85984.74138,2.716667,13.56,20.875,18.68,39.555,40399.03333,72.745,7786.583333,1235.907407,29.358491,10.811667,27.038333,19.678333,29.793333,66.428333,4.56,13.722034,3.650847,75.82,3.816667,6.898333,19.37,11.253333,9.663333,3.356667,7.446667,40.108207
761,29482.47222,1335.483333,33.627778,8.858333,4.416667,43.463889,37.863889,3.401143,67364.71429,3.717143,14.377143,16.52,12.388571,28.908571,33658.5,54.562857,10465.5,1241.685714,30.828571,18.341667,25.8,19.047222,28.247222,64.947222,6.277778,13.157143,0.362857,58.291667,11.736111,8.663889,36.844444,9.816667,13.814286,7.762857,5.947222,42.056702
762,13186.33333,1405.321429,41.053659,13.92619,9.12619,56.597619,26.242857,3.027073,79234.76316,2.356098,13.22439,20.009756,18.909756,38.919512,38381.84615,74.480488,4697.047619,1174.333333,29.575758,8.921951,27.695122,20.202439,30.04878,63.466667,3.764286,13.938889,9.433333,85.854762,2.354762,5.430952,13.345238,14.459524,8.543902,1.814634,8.778571,41.649538
763,6079.964286,170.55,40.55,11.675,8.925,52.132143,27.782143,3.1025,56362.28571,5.392857,14.657143,14.514286,7.739286,22.253571,28635.64286,70.346429,2285.678571,811.166667,25.33,14.010714,36.307143,14.892857,21.253571,60.935714,4.285714,11.784,7.304,83.125,3.367857,5.942857,17.275,19.064286,13.521429,2.853571,9.964286,41.828833
764,3095.916667,181.547917,43.712766,14.138298,8.768085,55.831915,23.985106,3.204565,59735.87805,4.8,10.682609,15.682609,10.543478,26.226087,29856.77273,80.993478,1139.854167,830.757576,28.770968,12.152174,32.845652,15.780435,23.047826,56.9,6.67234,15.4875,17.095,90.919149,1.585106,5.646809,16.889362,16.47234,16.156522,2.647826,8.874468,41.136513
765,11618.46809,381.829787,39.465957,12.074468,6.810638,49.951064,29.3,3.284186,63610.625,4.716279,12.52093,14.902326,10.339535,25.24186,28941.38298,71.960465,4077.808511,899.297297,27.842857,13.657447,32.22766,12.759574,19.225532,54.031915,5.425581,12.3575,9.6025,75.012766,3.176596,9.259574,24.089362,17.572093,12.409302,2.411628,12.929787,40.241699
766,2979.75,28.705357,42.617857,13.630357,9.425,54.453571,24.778571,3.247143,59424.09434,4.223214,12.883929,15.603571,9.785714,25.389286,31102.43636,80.014286,1065.303571,850.522727,26.710526,14.053571,34.107143,12.116071,17.205357,56.242857,4.458929,13.234,12.05,82.1,3.108929,6.530357,18.083929,17.507143,13.8375,2.055357,8.376786,38.831942
767,18761.7,1568.24,31.14,8.76,4.61,34.72,46.72,3.275556,44858.77778,5.955556,9.811111,10.955556,7.833333,18.788889,23373.8,47.955556,6941.3,966.111111,36.911111,15.62,25.96,22.29,30.83,57.73,4.74,11.333333,0.766667,64.57,3.17,8.98,30.18,13.29,23.577778,8.933333,5.8,40.976319
768,1751.791667,2.76875,51.004545,18.118182,15.470455,57.518182,19.631818,3.3625,58574.20588,3.668182,14.040909,11.952273,12.288636,24.240909,28029.5,78.231818,668.375,779.12,24.32381,12.570455,30.122727,14.922727,24.279545,51.147727,6.081818,15.460714,20.789286,89.420455,2.011364,6.436364,14.963636,20.636364,11.102273,2.122727,10.827273,40.099533
769,5467.6,142.056,37.573913,13.204348,7.330435,53.513043,29.704348,3.272,55571.94118,4.72,10.97,13.665,9.855,23.52,31753.66667,76.105,2052.8,798.692308,23.330769,12.231818,34.086364,15.540909,21.468182,57.030435,3.004348,14.716667,11.983333,78.095652,10.117391,6.691304,32.408696,11.359091,12.080952,4.05,9.513043,42.065269
770,33353.71875,1836.728125,34.707292,9.704167,5.051042,42.93125,39.885417,3.388542,66076.27083,4.352083,10.932292,12.794792,15.563542,28.358333,37965.45833,49.695833,12096.21875,1193.59375,32.91875,21.3,22.503125,19.410417,32.5125,66.167708,6.705208,17.259375,0.266667,47.420833,11.338542,11.115625,44.483333,9.885417,18.729167,13.969792,3.773958,34.935395
772,4459.0,3376.1,20.6,0.2,0.0,0.9,98.9,?,?,?,?,?,?,?,4316.0,?,0.0,?,?,0.0,0.0,41.7,55.2,30.7,18.8,?,?,47.6,1.7,7.6,18.2,4.6,?,?,1.6,35.849956
773,24751.19643,352.226786,41.371154,13.066038,9.577358,52.99434,25.09434,3.205577,77147.40816,3.422642,12.471698,15.154717,17.849057,33.003774,37016.74,74.060377,8450.339286,1207.695652,28.147826,13.256604,29.3,17.632075,26.375472,57.926415,5.423077,13.245455,2.3,76.873585,3.588679,7.915094,21.064151,14.083019,11.943396,2.549057,10.392453,38.696786
774,19402.50704,270.85493,39.134921,10.6875,7.151562,51.704687,29.848437,3.375556,75434.71698,5.190625,10.371875,13.6,14.959375,28.559375,35857.10714,71.351563,6331.28169,1205.133333,29.602381,14.301562,27.1,16.51875,26.0,60.484375,5.176563,14.035484,4.659677,62.278125,8.282813,6.634375,30.315625,11.579688,13.35625,3.229687,5.821875,35.691803
775,22514.36207,542.384483,37.129825,10.403509,5.431579,49.936842,31.775439,3.286964,74211.16981,4.132143,13,17.155357,15.780357,32.935714,36282.7963,70.8875,7812.896552,1136.808511,29.308889,16.107018,32.592982,14.55614,21.035088,61.059649,7.230357,12.023636,2.209091,72.477193,4.664912,9.6,34.080702,13.232143,12.714286,4.653571,6.919298,35.200504
776,9209.933333,143.073333,44.173333,16.696667,9.86,53.69,23.586667,3.167,65551.5,6.016667,13.676667,16.726667,11.683333,28.41,32309.48276,80.603333,3370.0,888.611111,25.364706,10.713333,39.486667,11.103333,16.37,53.57,6.563333,10.134483,4.348276,84.263333,1.673333,4.33,9.023333,22.153333,11.043333,2.01,10.3,35.667955
777,17979.75,559.175,36.0625,12.05,5.575,43.5,36.475,3.22625,52501.75,6.6375,12.15,11.8875,9.45,21.3375,30568.25,56.6375,6399.875,908.875,32.15,16.3,30.9125,14.075,21.3625,58.8125,5.1625,11.225,0.7125,40.5375,5.4625,8.5375,23.0125,15.7,20.05,4.75,7.6375,36.102037
778,9465.694444,404.447222,40.384375,12.976471,12.473529,50.470588,29.2,3.499062,59276.55556,3.736364,9.527273,13.248485,12.966667,26.215152,31670.53333,73.787879,3446.638889,884.423077,26.5125,12.747059,32.579412,16.517647,26.208824,54.135294,5.146875,14.17931,13.272414,75.555882,1.841176,5.158824,19.785294,21.011765,12.739394,2.281818,6.847059,39.660006
779,4977.0,41.138235,42.390625,16.185294,7.161765,57.161765,22.126471,3.166061,63576.59259,3.179412,11.626471,16.817647,10.770588,27.588235,34733.96774,76.447059,1836.5,873.105263,27.28,16.629412,33.273529,12.405882,16.244118,59.632353,4.597059,11.314815,9.640741,84.661765,3.658824,7.664706,33.461765,15.570588,10.605882,1.891176,7.638235,35.085783
780,10659.17857,88.694643,41.243396,13.030189,9.679245,54.954717,26.066038,3.688491,69572.44444,5.371698,14.592453,16.666038,12.6,29.266038,31619.71429,79.469811,3428.214286,947.882353,28.2,21.311321,31.750943,13.841509,21.356604,52.856604,4.10566,15.793878,7.302041,78.388679,3.9,15.324528,57.173585,15.671698,15.677358,9.660377,9.024528,36.45954
781,11771.21429,101.897619,41.171795,15.615,9.2975,54.1175,25.795,3.240256,73785.80556,4.1975,11.55,15.855,13.5975,29.4525,33600.56757,75.4875,4125.952381,1045.821429,26.56,13.9,36.29,13.625,20.7375,53.125,4.633333,11.959459,11.048649,76.465,5.1725,13.2475,42.955,16.935,11.235,3.3075,10.075,36.485383
782,30021.27869,1155.22459,34.7,9.155738,5.416393,42.768852,38.642623,3.369333,63689.9,4.38,11.61,14.248333,12.941667,27.19,33644.06557,54.258333,10875.81967,1172.533333,32.367797,15.593443,23.740984,17.880328,29.77541,65.903279,5.652459,12.953333,0.47,63.847541,8.27541,15.857377,59.270492,14.521667,16.408333,6.771667,12.02459,36.824666
783,5250.0,49.881818,39.970732,13.77619,8.790476,47.733333,29.261905,3.61439,48620.55263,7.445238,12.535714,12.057143,6.130952,18.188095,24644.07895,72.138095,1860.022727,897.166667,27.542857,25.166667,33.130952,9.5,13.990476,51.740476,5.558537,10.819512,5.282927,80.266667,3.292857,14.047619,70.938095,22.359524,19.566667,9.733333,7.361905,34.411695
784,17738.11111,798.2,36.283333,10.222222,6.316667,44.677778,32.761111,3.415556,55745.29412,5.277778,14.933333,11.461111,8.955556,20.416667,28367.83333,51.766667,6527.722222,1082.588235,31.08125,19.238889,31.15,14.088889,20.255556,57.938889,5.072222,11.464706,0.664706,68.972222,3.344444,19.188889,62.761111,13.455556,15.561111,4.016667,10.366667,33.551426
785,22496.0,257.521312,35.984746,10.613559,7.822034,44.837288,35.162712,3.715085,41202.76923,11.123729,9.481356,9.69322,5.079661,14.772881,21242.01818,72.944068,6654.459016,729.666667,32.9125,34.325424,27.598305,10.69661,15.832203,52.816949,7.398305,16.908929,2.198214,70.877966,8.259322,19.677966,91.005085,15.362712,30.518644,22.138983,3.728814,31.469791
786,18516.46875,141.35625,43.963492,14.73125,9.007813,55.8625,25.7,3.137302,77645.26667,3.346032,13.85873,18.95873,16.85873,35.81746,37083.08197,78.703175,6567.890625,1198.42,29.445833,11.170312,29.660937,19.5875,29.198438,59.757813,4.201587,15.989655,6.827586,80.792187,5.464062,8.053125,28.204687,14.882813,11.3375,2.666667,10.842187,38.813311
787,25708.59091,1239.488636,35.968182,8.909091,4.290909,45.665909,39.829545,3.057209,94496.09302,2.497674,12.709302,17.037209,26.939535,43.976744,50743.86047,54.832558,10801.02273,1534.511628,29.509302,8.495455,13.275,33.547727,56.315909,71.547727,4.034091,17.84186,0.397674,67.468182,8.497727,8.365909,30.181818,8.240909,11.202326,4.497674,4.8,41.33069
788,5067.735294,7.688235,42.810345,13.123333,10.623333,46.36,31.703333,3.461786,55798.20833,6.666667,14.573333,9.033333,7.636667,16.67,23893.48,77.153333,1651.294118,744.875,29.65,21.083333,23.856667,16.51,22.543333,50.513333,3.103333,16.255556,6.955556,85.163333,2.203333,11.316667,50.163333,22.731034,17.736667,7.41,9.176667,38.03624
789,2789.0,17.04,49.6375,16.2875,12.0375,56.908333,21.716667,3.131667,69510.9,2.445833,14.55,15.779167,11.9625,27.741667,35601.16667,84.179167,1031.44,951.8,24.838462,12.6625,34.866667,16.733333,22.1625,55.9125,3.3,14.858333,19.583333,80.933333,4.829167,4.079167,19.154167,15.370833,7.666667,2.075,8.5875,36.901679
790,2958.246575,81.682192,37.963636,11.814706,9.405882,54.289706,25.314706,3.348806,56944.08475,4.216418,12.765672,12.579104,9.862687,22.441791,30816.88525,74.823881,1011.164384,802.44898,25.7,18.619403,31.385075,15.855224,20.574627,59.539706,3.804412,14.487273,10.932727,84.663235,3.292647,8.680882,31.839706,13.513235,12.640299,4.859701,5.935294,43.372778
791,16769.64286,731.814286,36.964286,10.478571,6.428571,49.057143,29.178571,3.165,58810.5,4.3,13.964286,12.542857,10.071429,22.614286,32922.21429,56.714286,6390.0,961,28.485714,14.385714,29.278571,15.135714,21.921429,60.914286,3.235714,13.08,0.82,81.057143,3.214286,6.842857,32.207143,12.707143,14.642857,4.207143,9.307143,45.449899
792,944.096774,1.274194,47.51,13.63,15.57,56.773333,22.1,3.291667,49222.34615,5.346667,8.47,13.183333,9.913333,23.096667,30079.6,74.386667,338.193548,639.466667,21.478571,18.5,29.56,17.94,21.943333,58.746667,2.72,17.127778,14.077778,80.463333,8.78,7.283333,28.013333,17.263333,10.563333,2.33,8.96,43.98175
793,3069.191489,21.880851,36.93913,10.102174,8.241304,56.147826,26.43913,3.624783,58982.74419,6.297826,11.708696,14.613043,9.847826,24.46087,30062.5814,75.15,1061.680851,766.323529,24.215152,22.978261,30.826087,12.465217,17.178261,57.33913,3.828261,15.622222,6.952778,79.969565,5.845652,11.267391,44.095652,18.332609,16.015217,6.780435,4.356522,44.443514
794,18716.73333,1019.506667,30.371429,8.378571,4.778571,35.985714,46.65,3.146923,48238.92308,6.7,10.415385,11.8,7.676923,19.476923,25137.57143,47.846154,7234.266667,978,38.838462,15.746154,27.969231,16.369231,27.738462,62.035714,5.442857,10.992857,0.65,70.364286,6.942857,9.678571,40.492857,13.335714,23.346154,3.446154,5.064286,44.97806
795,2003.404255,4.510638,43.140426,14.246809,9.468085,57.229787,20.661702,3.09383,60737.86364,5.061702,11.561702,14.759574,10.255319,25.014894,31459.36364,81.059574,730,771,23.05,14.789362,35.370213,14.087234,19.942553,57.393617,5.238298,13.013889,13.955556,87.410638,4.340426,5.376596,23.095745,18.595745,10.982979,2.480851,7.595745,41.462535
796,19621.71429,341.8,30.028571,6.9,3.971429,41.0,44.957143,3.105,57471.83333,3.9,12.8,15.133333,9.333333,24.466667,25896.14286,49.75,7094.714286,977.666667,29.383333,10.583333,26.833333,17.1,27.1,65.8,3.057143,10.583333,1.866667,69.871429,8.471429,7.928571,26.742857,11.428571,13.25,2.35,9.057143,41.89495
797,8916.96,240.716,35.397778,9.597826,6.167391,54.317391,26.902174,3.353409,72071.69048,3.328889,14.122222,16.808889,14.28,31.088889,37593.66667,70.722222,3262.2,943.151515,25.12069,20.03913,32.971739,12.069565,17.382609,62.821739,2.764444,11.855263,3.831579,75.678261,12.165217,7.736957,49.141304,9.975556,11.946667,6.422222,4.63913,44.588647
798,3353.666667,67.471429,40.873684,13.565,9.405,53.88,27.62,3.438,39684.5,11.13,8.195,8.505,2.86,11.365,24524.16667,66.795,1116.238095,689,31.3,34.19,22.015,15.435,20.215,52.935,3.605,17.377778,2.85,69.14,13.16,15.415,69.115,18.545,24.32,26.755,5.515,44.787114
799,32488.2,923.844,32.596,8.036,4.756,43.208,39.964,3.443182,53145.22727,6.040909,10.668182,12.386364,8.55,20.936364,27457.75,54.636364,10941.52,966.454545,32.027273,18.125,22.116667,19.0625,27.495833,65.732,6.65,12.695652,0.086957,59.596,13.18,19.524,71.576,13.7,20.422727,20.577273,15.775,46.036865
800,33840.18519,1214.018519,38.1,11.192593,5.737037,49.725926,32.011111,3.23,90399.12,1.940741,14.477778,19.625926,20.307407,39.933333,45597.84615,65.862963,12592.51852,1625.2,32.304167,11.155556,21.37037,25.574074,41.081481,73.218519,3.985185,13.218519,0.118519,70.903704,5.255556,9.088889,24.485185,9.685185,8.677778,3.418519,7.07037,44.912534
801,21242.71429,564.774286,42.411429,13.291429,6.951429,60.108571,25.591429,3.047429,111529.1143,1.674286,12.911429,23.402857,31.551429,54.954286,50567.17143,81.062857,8067.914286,1602.588235,28.830303,3.508571,19.382857,30.317143,47.485714,67.857143,3.72,15.422857,3.588571,85.577143,2.485714,6.497143,11.454286,9.397143,5.188571,0.645714,8.791429,47.298244
802,25753.56818,2463.897727,35.8175,8.985,5.3875,41.6875,41.2825,2.975,79939.075,2.895,13.9925,18.515,19.72,38.235,46062.075,51.4475,10904.45455,1549.1,32.3525,9.23,18.4675,30.0975,48.7775,73.745,4.46,14.6,0.061538,72.3325,6.5425,9.8925,27.99,10.2125,10.49,3.32,5.455,42.415252
803,21435.0,1413.25,32.0,8.333333,5.55,32.25,55.583333,2.798,83253.6,2.98,10.02,14.66,29.12,43.78,35216.16667,54.3,8831.333333,1743.6,43.76,1.916667,7.333333,36.133333,77.816667,61.95,7.0,20.66,0.28,84.633333,1.516667,6.233333,9.933333,6.566667,17.7,1.58,3.216667,47.489305
804,3962.052632,27.333333,47.261538,19.650943,9.439623,50.860377,28.611321,2.8925,80886.90909,2.84717,12.818868,17.060377,18.724528,35.784906,42839.14286,79.556604,1578.105263,1337.117647,29.616667,4.458491,21.988679,25.556604,40.007547,65.777358,6.271154,16.77234,0.76383,92.371698,0.979245,4.126415,6.581132,9.439623,10.833962,0.703774,9.945283,48.289147
805,18952.78125,306.4875,41.729032,13.340625,8.790625,60.709375,25.034375,2.910938,94407.66667,2.80625,16.565625,22.034375,21.78125,43.815625,44795.83871,81.00625,7430.46875,1601.875,33.195455,4.225,19.565625,28.128125,45.0625,67.8625,3.2625,15.6875,1.178125,89.753125,1.953125,5.103125,13.990625,11.159375,7.096875,1.984375,8.23125,46.549589
806,11189.85185,170.359259,38.892308,12.034615,5.730769,58.907692,24.9,3.399615,79382.25,2.85,13.926923,22.523077,16.111538,38.634615,39586.36,79.811538,3771.518519,1307.347826,29.515,12.934615,31.084615,16.896154,22.669231,69.180769,5.253846,14.342308,6.619231,85.234615,3.95,8.503846,25.884615,12.273077,10.265385,3.015385,10.434615,46.530398
807,2068.363636,38.590909,41.560606,14.672727,9.312121,56.181818,22.615152,3.071515,58934.64516,4.730303,13.157576,15.963636,6.663636,22.627273,31685.74194,69.360606,780.030303,780.730769,23.956522,9.40303,29.584848,13.409091,21.124242,61.387879,4.196875,19.004167,16.183333,89.809091,2.70303,5.924242,17.784848,13.639394,14.827273,2.324242,9.887879,46.762603
808,3296.358974,78.107692,45.410256,17.684615,9.774359,55.54359,21.469231,2.945,59327.02941,4.552632,11.992105,16.457895,10.047368,26.505263,33928.42105,74.736842,1180.512821,1016.3,28.003704,6.55641,31.266667,16.212821,26.164103,59.25641,4.868421,17.070588,13.282353,90.54359,1.348718,5.205128,10.430769,15.210526,10.231579,1.063158,13.328205,47.276907
809,19483.41935,772.451613,35.91,10.266667,4.723333,52.4,30.79,3.123214,80678,2.167857,13.053571,18.996429,17.692857,36.689286,39989.82759,67.657143,7425.774194,1510.24,30.976,4.583333,23.016667,22.453333,36.17,68.566667,5.066667,11.037931,0.348276,74.39,3.37,11.163333,18.173333,13.796429,8.414286,1.339286,21.37,44.961144
810,4546.461538,34.113462,45.405882,16.603922,11.235294,50.74902,26.668627,3.20451,46265.69565,7.184314,11.898039,9.701961,5.060784,14.762745,26809.90196,73.090196,1787.980769,847.775,40.108824,9.864706,32.37451,13.684314,20.198039,50.043137,4.852,15.238462,11.487179,85.931373,3.141176,7.747059,28.629412,20.668627,18.837255,2.056863,9.023529,45.680556
811,2536.551724,23.158621,46.192857,20.162069,9.313793,52.127586,23.762069,3.008214,48412.72,8.375862,9.027586,11.934483,7.593103,19.527586,25909.73077,75.196552,1035.068966,811.409091,30.93,10.934483,30.410345,16.024138,26.106897,53.382759,7.842857,16.329167,4.520833,77.22069,4.47931,13.451724,39.468966,22.448276,13.931034,5.87931,11.913793,45.873139
812,3113.517241,13.962069,51.553846,21.992593,15.996296,62.277778,21.092593,2.55037,70748.69565,3.762963,10.177778,16.062963,13.196296,29.259259,36206.91667,84.474074,1225.62069,1032.285714,33.125,5.637037,26.377778,27.962963,41.214815,51.759259,3.946154,14.483333,2.566667,95.42963,0.537037,2.503704,6.314815,13.914815,9.551852,0.181481,10.737037,47.079618
813,4678.8,5.52,50.028571,23.666667,7.613333,55.066667,29.026667,2.737857,59866.76923,3.633333,17.573333,10.94,9.026667,19.966667,31152.42857,76.866667,1904.866667,968.888889,28.675,7.253333,31.306667,18.133333,33.373333,57.173333,3.413333,13.316667,8.725,83.746667,1.966667,2.92,8.313333,20.593333,12.333333,1.053333,7.1,46.723209
814,3787.0,7.278261,50.465217,17.613043,13.704348,58.204348,20.456522,2.857826,60269.7619,4.452174,14.96087,14.878261,9.130435,24.008696,32285.95,77.408696,1526.782609,1046.055556,30.7,7.447826,30.7,21.178261,30.991304,56.591304,4.021739,20.34,6.62,94.365217,0.952174,3.182609,9.382609,17.8,11.147826,1.369565,11.047826,47.193712
815,10831.57143,173.321429,45.9,20.8,8.871429,56.45,22.942857,2.845,69357.76923,2.221429,14.542857,17.5,10.107143,27.607143,34193.78571,76.535714,4345.071429,1106.7,29.31,7.664286,26.457143,21.057143,30.692857,59.514286,4.714286,13.623077,4.653846,92.357143,1.221429,4.45,10.514286,14.05,9.3,0.6,12.007143,46.678399
816,4711.705882,9.5,40.84,13.55,6.409375,52.76875,32.796875,3.163,82168.82143,1.890625,13.29375,23.45,14.875,38.325,41391.44828,70.24375,1715.352941,1345.045455,29.957143,5.615625,21.603125,28.525,41.56875,72.328125,3.471875,16.055172,3.544828,86.671875,5.490625,6.521875,19.815625,9.225,8.828125,1.75,6.203125,45.845442
820,6235.181818,21.509091,43.885,16.27619,9.633333,58.019048,24.719048,2.782105,70217.0,2.09,12.445,16.135,12.6,28.735,32239.5625,81.65,2583.0,1033.888889,108.6,3.938095,19.480952,29.504762,41.147619,64.295238,6.99,9.25,5.107143,92.828571,1.266667,3.314286,9.452381,13.56,14.19,0.38,13.842857,46.148973
822,1186.4,1.46,46.658824,26.457895,11.421053,57.436842,21.363158,2.962778,62642.41667,5.231579,13.194737,11.994737,10.831579,22.826316,46498.73333,84.773684,488.3,766.181818,24.2375,5.831579,40.315789,12.373684,19.931579,58.057895,1.131579,15.445455,14.209091,95.505263,0.2,3.226316,4.842105,14.805263,18.284211,0.326316,15.210526,44.866002
826,5280.277778,51.433333,42.853333,20.105882,12.076471,62.023529,20.594118,2.891765,67866.66667,3.376471,13.352941,10.988235,20.770588,31.758824,36220.92308,80.570588,2170.055556,811.583333,25.08,8.847059,28.347059,12.947059,22.252941,63.894118,2.51875,11.69,5.13,96.547059,0.547059,1.864706,4.694118,17.047059,7.835294,0.3,5.852941,40.688547
827,3803.25,1.99375,45.507143,15.266667,15.66,63.346667,13.44,2.847143,67529.1,12.733333,12.853333,20.28,8.433333,28.713333,41247.27273,79.42,1424.0,796.25,21.885714,5.6,35.1,15.813333,19.38,54.153333,3.707143,12.991667,10.216667,94.88,0.586667,3.253333,3.066667,13.6,12.026667,0.306667,9.28,42.674947
828,2961.461538,4.023077,47.658333,15.961538,19.0,60.546154,23.430769,2.82,71861.55556,1.015385,18.561538,27.476923,8.307692,35.784615,41049.5,71.823077,1269.846154,839,27.333333,2.907692,22.538462,24.953846,35.692308,62.430769,0.823077,16.9625,7.9125,97.838462,0.823077,0.484615,2.153846,17.346154,9.730769,0.123077,7.161538,40.604476
832,3472.884615,36.694231,40.93,17.575,12.226923,57.451923,22.667308,3.331,62981.25581,4.184615,11.588462,14.440385,7.290385,21.730769,28054.71111,81.386538,1232.115385,743.677419,27.031034,6.128846,33.682692,17.938462,22.426923,56.419231,2.489796,10.347368,9.368421,89.034615,2.525,4.203846,7.190385,20.205769,10.161538,2.344231,7.571154,41.984731
833,5537.405405,18.62973,39.052778,14.913514,7.913514,55.756757,22.975676,3.609444,57070.24242,5.062162,12.362162,13.048649,8.656757,21.705405,29459.88571,72.337838,1948.594595,854.967742,23.722581,14.691892,30.564865,13.067568,19.148649,63.367568,3.443243,14,7.76129,87.159459,4.791892,6.443243,22.318919,13.764865,14.218919,3.567568,6.864865,43.422554
834,5643.595238,96.478571,41.752381,14.285714,11.392857,55.185714,25.507143,3.42225,62778.32432,4.1875,12.74,13.835,9.4375,23.2725,29926.40541,79.4375,1776.119048,891.740741,23.990909,9.868293,27.57561,18.621951,25.34878,56.007143,3.447619,12.981818,5.551515,89.730952,5.914286,3.335714,11.97381,13.283333,11.417073,3.48,8.652381,42.467556
835,2648.148148,5.637037,51.362963,19.807407,15.685185,58.940741,19,2.947407,52298.07407,8.077778,13.044444,9.774074,5.651852,15.425926,26555.66667,79.022222,1060.666667,756.782609,24.882353,7.166667,34.937037,12.740741,18.559259,47.166667,6.451852,11,5.93913,90.844444,0.607407,3.325926,2.785185,21.525926,14.540741,0.62963,13.340741,39.790195
836,10886.26,116.886,43.473469,14.836,9.462,57.882,21.76,3.352653,61075.13043,3.168,12.48,13.62,8.606,22.226,29073.18367,77.098,3768.06,919.74359,27.02973,11.576,29.59,13.978,19.662,57.488,4.258,13.029545,6.890909,86.712,5.08,6.258,13.334,15.276,11.224,1.946,13.106,41.356058
837,23808.33333,678.791667,38.89,11.26,6.79,49.73,32.48,2.961,73453.1,3.1,13.72,16.73,17.27,34,37997.9,64.94,9739.166667,1174.2,28.34,4.35,18.93,28.91,46.02,68.01,3.75,13.65,0.3,87.3,2.0,5.28,8.14,11.05,10.47,1.75,8.44,40.934344
838,4796.716667,78.335,48.535593,19.403333,12.465,57.808333,21.898333,2.963621,61570.71698,4.021667,11.111667,12.643333,9.403333,22.046667,29645.18966,79.276667,1874.75,896.51282,26.068571,9.526667,31.888333,13.851667,23.301667,51.171667,4.261017,11.184,2.484,91.778333,0.55,3.553333,3.846667,19.268333,12.88,0.553333,13.978333,38.985926
840,17809.24419,421.138372,34.28,10.250588,5.796471,58.764706,27.663529,3.719412,85675.85542,2.010588,15.583529,21.008235,18.629412,39.637647,36665.08537,77.445882,5383.046512,1278.59375,31.678689,6.377647,26.688235,20.415294,29.777647,66.036471,3.318824,10.529333,4.156,86.334118,2.516471,4.72,9.563529,10.845882,8.123529,1.167059,6.484706,46.04107
841,23549.11111,1255.985185,32.873913,8.821739,4.686957,43.443478,41.234783,3.215909,71584.45455,4.395455,13.890909,16.618182,15.909091,32.527273,36260.0,56.604545,8539.62963,1242.681818,30.186364,8.556522,19.691304,25.173913,42.13913,69.821739,4.417391,11.557143,0.02381,72.543478,9.630435,6.669565,19.347826,10.734783,14.204545,4.536364,4.147826,44.426943
843,5274.076923,95.902564,34.026316,12.539474,5.286842,62.697368,24.786842,3.668684,76688.38235,2.255263,15.289474,19.734211,12.852632,32.586842,34281.51429,84.297368,1643.205128,935.931035,23.5375,5.376316,29.713158,20.513158,30.763158,64.497368,1.892105,9.033333,4.627273,93.905263,1.215789,2.989474,6.502632,10.402632,6.771053,0.489474,6.434211,41.250537
844,35217.16667,420.833333,31.133333,7.483333,4.25,53.4,32.533333,3.42,75275.8,2.46,15.7,19.78,14.36,34.14,34706.8,72.06,11969.5,1041.8,26.44,6.733333,22.716667,24.933333,31.933333,69.716667,3.066667,8.68,0.64,84.433333,3.433333,5.066667,14.883333,9.483333,8.84,1.38,5.783333,45.480687
845,2048.423077,8.726923,39.288,13.58,10.152,52.22,29.588,3.576667,52160.7619,7.42,12.608,11.248,4.272,15.52,25261.08333,74.56,753.5,718.933333,26.515385,10.216,32.532,8.688,13.64,52.612,6.8,7.268182,6.795455,79.388,0.52,2.356,8.872,21.236,17.7,2.956,6.944,46.772152
846,7104.311111,170.44,32.524444,10.828889,5.251111,60.155556,28.091111,3.616591,67241.28571,2.566667,15.057778,16.093333,9.18,25.273333,28570.56818,76.515556,2024.711111,906.052632,24.430303,8.153333,29.08,17.922222,24.473333,60.544444,3.382222,8.445238,5.497619,87.295556,7.157778,3.197778,11.871111,11.853333,13.535556,0.737778,5.391111,46.380237
847,3947.782609,29.234783,43.789552,16.122059,10.405882,58.864706,23.147059,3.362388,62002.25424,4.457353,13.991176,14.510294,8.032353,22.542647,27594.69841,77.998529,1348.768116,931.047619,24.661111,7.285294,26.641176,16.875,25.025,54.760294,4.355224,10.878846,3.182692,93.397059,1.979412,2.164706,5.351471,16.127941,10.310294,0.705882,8.605882,46.812034
850,32740.43182,1612.772727,35.351163,9.286047,5.3,41.774419,39.846512,3.286512,69031.60465,3.644186,13.125581,14.972093,15.686047,30.65814,37949.04651,54.634884,12055.56818,1256.139535,29.909302,16.067442,21.637209,20.74186,33.35814,67.916279,5.255814,13.534884,0.037209,66.94186,8.076744,12.034884,38.418605,10.855814,15.602326,5.227907,5.790698,47.353778
851,18446.88,113.0,41.996,13.864,10.316,46.956,31.16,3.3256,59464.6,2.672,12.72,15.132,7.984,23.116,30576.08,76.524,6203.32,1030.347826,43.3,15.44,32.912,11.384,17.556,50.872,7.596,8.421739,0.169565,68.428,7.916,8.964,37.036,17.508,15.68,2.636,9.524,47.915027
852,35899.11111,1166.42,41.827273,12.765909,9.152273,51.575,30.918182,3.047045,89964.86364,2.268182,13.163636,19.072727,23.243182,42.315909,44395.56818,69.652273,14220.22222,1506.395349,28.012195,6.488636,18.147727,27.145455,43.970455,63.418182,4.861364,13.511364,0.104545,75.322727,3.813636,7.336364,17.659091,10.636364,9.520455,1.863636,7.495455,47.876706
853,21449.13043,595.486957,44.805797,14.133333,11.955072,52.043478,27.091304,3.044478,65006.98413,3.6,12.783824,15.136765,10.423529,25.560294,32045.58462,72.104412,7656.144928,1236.758621,31.730189,15.481159,28.904348,13.850725,21.633333,53.904348,6.186957,9.558462,0.126154,72.713043,6.671014,11.608696,35.05942,17.285294,16.342647,4.460294,12.642029,46.520384
855,4597.047619,36.652381,42.58,14.725,11.48,45.955,29.935,3.318,53424.15,5.14,18.005,11.78,4.04,15.82,31045.94737,69.495,1722.190476,744.588235,22.59375,14.99,29.78,12.66,17.23,49.94,9.68,7.610526,0.568421,70.49,3.83,7.54,26.705,18.915,17.16,1.735,9.565,48.392287
856,7070.866667,49.997778,48.834091,17.493182,14.227273,52.679545,24.940909,3.008571,55208.76923,5.388372,11.811628,12.097674,8.351163,20.448837,29146.97619,76.769767,2721.488889,889.375,28.426667,12.295455,26.668182,16.190909,26.238636,44.804545,6.513636,12.612195,1.002439,79.615909,3.581818,9.145455,33.059091,20.363636,15.55,4.865116,14.179545,47.341427
857,23900.21053,688.005263,40.761765,12.741176,8.541176,43.608824,35.6,3.005161,64497.80645,3.887097,13.425806,15.306452,12.419355,27.725806,32226.79412,63.664516,9728.789474,1077.516129,28.512903,11.032353,21.523529,18.626471,32.829412,58.008824,7.145455,11.18125,0.05625,68.441176,9.720588,10.491176,35.411765,16.4,15.75625,3.767742,11.788235,46.434425
859,3023.846154,11.857692,47.558333,19.788,11.72,54.748,25.416,3.255,54328.47619,4.670833,16.941667,10.829167,6.466667,17.295833,27881.2381,79.425,1076.923077,748.857143,26.13,13.392,24.82,11.184,19.176,39.136,7.268,9.861905,0.866667,70.368,4.86,6.076,13.04,26.028,20.316,1.0125,12.276,46.848661
860,5204.5,404.938889,39.334286,15.775,8.180556,35.225,44.805556,3.443143,52867.66667,5.902857,9.851429,10.168571,8.094286,18.262857,25775.11429,71.711429,1736.305556,918.416667,28.425,14.708333,29.533333,11.308333,19.216667,54.791667,10.194444,9.237931,1.713793,41.897222,2.266667,3.761111,8.319444,15.211111,25.5,7.262857,8.294444,46.543223
863,9277.24,76.084,53.388,21.064,14.232,52.924,21.464,2.75125,54903.91667,4.458333,11.708333,14.966667,8.595833,23.5625,29732.0,71.904167,4122.28,976.652174,32.252381,8.716,25.768,14.888,26.164,48.84,6.964,12.956522,0.186957,85.836,4.116,5.864,15.704,18.824,15.364,2.054167,15.728,46.354354
864,8967.217391,62.873913,54.57,21.395238,16.214286,54.552381,19.704762,2.602857,47036.15,5.680952,11.028571,8.304762,6.019048,14.32381,26658.4,77.052381,4008.304348,829.071429,29.976923,14.790476,36.585714,11.914286,16.752381,36.685714,8.29,7.9,0.036842,80.452381,3.490476,5.433333,14.595238,25.209524,18.3,1.014286,14.914286,47.405859
870,3545.333333,26.315789,44.945283,18.656364,9.992727,42.596364,34.052727,4.16283,51305.38298,6.150909,9.465455,11.925455,8.254545,20.18,27407.14583,84.001818,1230.45614,841.1875,25.784,14.781818,35.650909,10.64,18.389091,49.061818,9.177358,8.506,2.512,51.656364,8.069091,8.756364,35.136364,19.270909,20.396364,7.44,9.590909,47.717592
871,34422.04545,905.659091,37.190476,10.62381,6.166667,39.47619,41.304762,3.153158,61962.31579,4.642105,12.305263,14.389474,12.668421,27.057895,31952.04762,60.478947,13933.68182,1043.578947,30.736842,9.371429,25.0,18.833333,35.028571,62.261905,5.984211,10.305263,0.194737,65.661905,8.733333,15.309524,47.380952,14.173684,15.063158,3.7,9.6,46.361282
873,3213.608696,33.830435,35.921739,10.313043,8.717391,31.4,50.713043,4.172273,37847.45,6.46087,9.282609,6.782609,4.895652,11.678261,20409.13043,80.030435,929.391304,715.833333,25.141667,19.978261,36.108696,5.369565,11.282609,42.295652,11.427273,6.405,2.835,14.495652,2.752174,5.304348,10.630435,15.930435,38.347826,6.330435,7.508696,44.920974
874,7946.066667,45.3,41.72,14.32,8.473333,42.106667,40.306667,3.527333,44940.8,5.106667,10.033333,10.98,6.413333,17.393333,23697.26667,78.346667,2623.4,837.3,30.5,14.5,32.886667,9.0,14.393333,49.52,9.893333,6.206667,2.82,41.3,5.613333,4.553333,19.14,16.073333,25.866667,10.393333,6.66,45.798482
875,3915.491803,27.070492,48.269643,18.383051,15.538983,40.335593,33.338983,3.463571,56015.46154,7.789831,10.90678,11.994915,9.352542,21.347458,32823.25,83.1,1588.606557,919.076923,32.078261,11.066102,28.281356,16.784746,29.655932,52.532203,5.632759,11.564583,2.429167,64.864407,16.550847,13.045763,61.937288,18.201695,18.244068,3.308475,9.550847,44.287657
877,1265.566667,1.633333,53.412,19.806897,15.437931,43.403448,29.989655,2.795556,45597.33333,10.972414,9.503448,11.213793,2.803448,14.017241,24416.1,80.010345,555.766667,677.111111,25.4125,14.813793,29.641379,6.910345,16.186207,42.375862,11.917857,6.884211,6.578947,68.427586,21.913793,7.903448,64.344828,29.627586,18.755172,2.858621,11.77931,45.584455
880,6395.431818,169.322727,42.383721,17.8,9.356818,45.290909,31.131818,3.253171,44833.75,7.402439,10.24878,9.243902,5.770732,15.014634,22025.15789,72.117073,2334.068182,709.8,37.866667,18.781395,25.234884,14.937209,27.246512,48.209091,6.278571,11.112821,2.133333,77.827273,7.918182,11.561364,54.077273,19.628571,19.72439,9.356098,10.081395,47.311308
881,3693.315789,3.089474,46.866667,18.711111,10.25,57.783333,17.766667,3.498824,51531.57143,4.7,10.85,10.672222,7.811111,18.483333,33056.8125,68.272222,1362.894737,693.25,26.5,13.061111,28.15,13.727778,22.488889,60.077778,4.083333,13.433333,12.783333,75.805556,13.122222,8.938889,27.766667,21.005556,12.472222,5.944444,9.1,45.966225
882,8640.0,436.156522,38.44,15.219048,6.214286,47.795238,30.019048,3.128421,63407.6,4.73,12.26,15.12,10.375,25.495,32095.83333,76.08,3015.391304,895.785714,26.915385,23.62381,38.933333,5.809524,10.680952,57.447619,5.195,9.106667,2.693333,80.3,5.657143,11.357143,51.014286,16.0,14.09,6.34,8.328571,46.527532
883,2378.848485,19.30303,48.846154,17.693333,14.56,51.596667,27.213333,3.184286,51596.14286,3.983333,9.253333,9.343333,8.81,18.153333,31360.33333,82.5,926.545455,675.25,31.7,13.696667,33.036667,11.983333,20.693333,50.053333,5.485714,10.728571,2.447619,82.73,1.866667,9.666667,23.846667,24.23,12.213333,4.41,13.103333,47.292386
890,14838.08511,530.231915,46.055556,14.184444,12.891111,47.28,26.846667,3.1475,65095.625,4.143182,13.738636,15.325,10.256818,25.581818,31989.97674,68.879545,5395.765957,1093.236842,28.206452,11.953333,33.146667,13.6,21.382222,49.448889,7.706977,8.838462,0.587179,75.175556,4.988889,7.502222,18.22,17.597727,13.059091,2.6,12.313333,46.766697
891,35314.22222,1612.851111,38.851111,10.951111,6.715556,43.271111,36.786667,3.286136,68941.11628,3.222727,13.184091,15.502273,15.234091,30.736364,37098.73333,55.977273,13025.04444,1360.627907,32.028571,12.78,26.375556,18.613333,28.911111,65.348889,7.204545,11.820455,0.013636,53.795556,12.013333,10.384444,29.048889,11.986364,14.352273,6.704545,7.434091,45.834053
894,6929.652174,87.693478,46.852381,19.488636,11.963636,50.602273,25.534091,3.191707,77101.47059,6.314286,14.62381,16.488095,16.430952,32.919048,36028.94444,74.497619,2640.369565,1116.916667,30.336364,8.920455,29.538636,13.990909,24.127273,48.365909,5.579487,9.344737,0.978947,76.463636,6.45,5.315909,14.313636,15.504762,12.22619,1.202381,10.411628,46.179066
895,24203.76923,828.707692,39.961538,13.061538,7.953846,42.607692,37.353846,2.944167,77964.41667,3.691667,13.225,17.075,18.683333,35.758333,38032.38462,59.825,9837.230769,1277.583333,29.145455,8.858333,23.325,20.466667,35.5,64.584615,5.507692,11.683333,0.183333,72.384615,7.238462,7.446154,20.1,11.076923,12.666667,2.216667,8.492308,47.391007
897,13857.4,149.68,48.7,16.48,10.12,50.06,23.72,2.856,70469.6,4.04,14.2,18.16,13.1,31.26,38035.6,71.54,5582.8,1059.2,31.3,10.38,24.86,17.0,25.14,57.92,4.96,11.12,0.38,81.94,6.32,6.72,18.1,15.44,9.16,2.06,10.9,45.971357
898,3720.625,2.4625,37.676923,17.833333,8.773333,52.38,27.42,3.302143,64143.63636,1.86,15.986667,16.18,12.4,28.58,32196.4,72.093333,1323.6875,914.444444,22.6125,8.74,33.593333,15.386667,19.76,59.6,5.206667,5.7,2.78,75.34,5.853333,7.34,18.006667,20.126667,15.48,0.673333,12.626667,44.035562
900,36054.11765,5294.330882,36.653846,9.407692,5.673846,33.478462,50.456923,3.442857,69266.69355,6.80625,10.479688,13.726563,18.9625,32.689062,36053.4,31.504687,12949.11765,1651.145161,37.367742,22.915385,18.236923,23.886154,37.575385,64.387692,8.683077,21.233333,0.006349,42.824615,22.135385,8.850769,45.526154,11.901538,20.76,14.7375,3.030769,41.186992
902,35349.85714,3558.794286,38.748571,10.714286,6.457143,45.465714,39.92,3.464412,103001.0882,2.908824,11.991176,16.773529,29.167647,45.941176,49060.54286,51.388235,11475.05714,2070.852941,33.188235,16.108571,16.125714,26.391429,45.448571,65.18,6.542857,19.785294,0.052941,55.022857,15.085714,11.097143,40.0,8.434286,10.288235,8.267647,3.14,41.206093
903,26510.0,4991.6,37.16,10.32,4.9,35.96,45.14,3.71,62663,4.18,12.82,16.84,11.24,28.08,29530.0,37.5,8471.4,1477,35.7,25.06,23.36,14.72,21.64,68.26,7.44,15.02,0,22.98,24.4,10.34,53.08,12.36,14.74,10.48,4.8,38.486855
904,18976.0,4241.6,41.54,11.92,7.36,40.72,41.9,2.868,103030.8,4.72,8.84,14.68,36.5,51.18,65938.8,31.48,9511.4,2070.8,28.18,5.14,7.48,39.18,69.34,67.24,6.66,24.64,0,72.46,3.22,10.24,14.82,8.9,11.26,4.98,3.06,39.804439
905,29476.5,2453.566667,41.24,11.84,7.2,50.72,32.84,3.314,94699.2,2.52,12.62,20.32,26.52,46.84,42975.2,56.82,10629.5,1792,31.26,9.36,18.68,31.26,45.38,64.96,5.94,15.06,0,35.18,13.22,10.68,28.04,8.94,9.1,12.4,4.24,39.92277
906,40982.11111,3008.772222,37.055556,10.088889,5.527778,44.638889,40.561111,3.774706,86319.88235,2.964706,13.241176,20.382353,22.135294,42.517647,33892.16667,62.411765,11995.66667,1730.823529,35.152941,15.411111,24.144444,19.5,28.05,62.777778,5.633333,12.423529,0.005882,40.894444,27.838889,10.711111,57.555556,9.544444,9.341176,8.552941,3.55,41.517652
907,28996.77273,2757.963636,40.640909,12.518182,7.136364,44.472727,38.240909,3.460476,88561.61905,2.62381,12.557143,19.242857,23.204762,42.447619,38429.68182,56.804762,9291.636364,1845.904762,32.655,15.371429,20.509524,23.047619,34.819048,62.8,7.495455,13.885714,0,46.613636,14.981818,10.304545,38.695455,9.118182,9.866667,8.161905,4.904545,39.981489
908,34071.0,3079.192857,40.083333,11.75,7.008333,36.958333,45.2,3.371818,75847.54545,4.145455,13.772727,16.7,18.554545,35.254545,37292.83333,42.618182,12343.64286,1603,32.527273,19.25,16.975,21.733333,35.066667,61.933333,6.409091,14.154545,0.018182,53.808333,13.033333,8.091667,37.458333,10.327273,13.990909,6.245455,6.533333,37.972293
910,22084.07692,2681.615385,46.792308,12.107692,12.769231,55.669231,29.423077,3.227692,109150.5,2.338462,9.092308,16.969231,32.453846,49.423077,47321.07692,59.069231,7715.538462,1879.583333,33.236364,10.153846,18.546154,27.776923,47.684615,58.692308,6.223077,20.053846,0.023077,53.469231,7.415385,8.761538,22.561538,14.207692,7.638462,12.646154,3.076923,48.33247
911,20921.875,2677.825,38.1,9.6375,6.5875,41.95,44.725,3.164286,106751.4286,3.485714,11.514286,16.028571,33.8,49.828571,44924.0,49.942857,8122.625,2205.714286,32.614286,7.875,10.45,26.7125,64.1,61.525,6.3375,20.214286,0.042857,45.3,12.725,8.4125,27.0375,7.875,11.671429,8.871429,2.775,47.492799
912,20885.3,3555.49,41.75,11.24,6.57,51.42,33.62,3.241,83539,5.7,13.79,16.51,25.49,42,43670.6,34.74,7730.3,2050.1,37.977778,9.23,19.62,29.97,47.87,64.46,8.31,23.64,0,73.44,5.68,5.84,19.31,11.42,12.08,20.02,1.85,45.598336
913,37554.39474,1706.023684,39.47027,11.067568,6.010811,48.859459,35.972973,3.520278,102232.6667,2.858333,11.35,19.005556,31.025,50.030556,42477.45946,64.591667,11940.65789,2091,37.894444,12.248649,17.289189,26.078378,40.894595,64.216216,6.605405,19.058333,0.025,58.635135,13.943243,10.283784,35.332432,9.945946,9.222222,7.658333,3.82973,44.976559
914,39504.875,4008.4875,37.55,9.475,5.35,43.3875,40.9875,3.3325,82970.375,4.0875,11.85,15.9375,22.95,38.8875,41662.25,40.375,14203.625,1848,36.8375,16.575,16.875,27.6875,43.225,70.5375,7.6625,25.5375,0,55.775,21.95,9.55,39.5625,9.7,14.3625,13.4,2.35,40.268045
915,22292.4,2566.86,39.4,10.64,6.88,43.8,38.86,3.154,79716.4,7.68,11.88,17.86,22.8,40.66,40077.8,40.74,8936.4,1834.6,36.7,7.3,15.74,29.42,42.92,66.4,6.64,21.32,0,67.06,7.62,9.48,23.88,11.9,11.44,9.64,3.28,45.513604
916,30701.42857,3613.5,37.566667,8.814286,4.328571,33.442857,52.742857,3.178333,77386.33333,4.071429,11.671429,13.4,17.314286,30.714286,40141.33333,28.457143,12358.71429,1790.5,35.7,11.571429,12.757143,26.657143,44.457143,75.328571,7.2,24.683333,0,68.171429,10.9,8.771429,42.671429,8.457143,11.271429,8.971429,2.214286,43.390701
917,43030.5,2048.578261,38.852174,11.473913,6.380435,48.504348,36.408696,3.674783,86330.3913,2.897826,13.58913,19.752174,21.847826,41.6,34317.82609,61.397826,12609.26087,1778,34.595652,17.491304,22.656522,20.2,30.604348,63.154348,6.197826,15.708696,0.015217,38.708696,18.858696,11.426087,47.726087,9.895652,10.515217,12.745652,3.81087,47.310325
918,41599.5,4140.4,41.45,11.75,7.6,47.15,37.4,3.265,72916.5,3.95,12.15,19.6,16.6,36.2,32598.5,41.7,15041.0,1619,33.1,17.65,20.75,24.4,36.75,62.45,5.05,18.5,0,19.95,19.35,7.75,36.95,9.9,13.45,20.55,2.9,44.757295
919,23758.96,1052.22,40.0,15.479167,6.470833,48.4625,33.195833,3.629583,91252.04762,3.625,14.675,17.866667,20.920833,38.7875,35907.82609,66.4625,7586.08,1902.105263,36.047059,11.341667,22.8,21.245833,30.408333,59.7125,8.908333,13.2375,0.125,66.166667,7.825,12.095833,38.229167,13.654167,15.116667,3.933333,9.479167,44.056894
920,28471.84783,701.423913,42.42093,13.2,9.223256,51.397674,30.809302,3.240952,96525.68293,2.790476,11.885714,18.161905,27.761905,45.92381,42935.04651,65.32381,9717.652174,1945.974359,39.334211,10.493023,19.490698,23.381395,38.716279,61.325581,5.509302,15.009302,0.730233,71.013953,5.981395,11.804651,26.934884,9.32381,10.080952,3.747619,11.195349,43.583794
921,32264.55814,2198.106977,33.69,8.045,4.56,39.3125,48.0,3.225938,95242.21875,3.003125,12.309375,19.43125,26.4375,45.86875,41617.85,48.375,11680.97674,2002.625,33.2625,8.5675,18.125,27.4325,44.23,71.8425,5.273684,13.851515,0.018182,60.2725,7.63,9.4175,28.4725,8.9125,11.090625,6.5875,20.728205,41.460916
922,16549.83333,245.097917,44.232609,14.62766,10.110638,46.519149,33.989362,3.366889,51006.13953,6.071739,9.080435,11.023913,10.852174,21.876087,25926.82222,66.33913,5983.854167,1075.627907,35.551282,21.282979,26.814894,12.174468,18.97234,52.089362,11.053191,13.05814,0.130233,61.37234,17.525532,13.112766,48.789362,16.967391,19.595652,14.65,10.33617,49.20376
923,19154.19048,495.347619,40.706667,15.468852,7.613115,47.944262,33.2,3.264746,66962.70909,5.026667,12.481667,14.583333,14.843333,29.426667,30067.59649,61.79,5711.142857,1257.058824,35.426087,14.486885,27.931148,13.688525,23.140984,55.713115,8.288525,12.983333,0.081481,67.632787,10.104918,10.709836,37.042623,12.370492,17.627869,3.408333,7.42459,51.456038
924,31437.75,1189.5625,30.642857,7.571429,4.0,36.571429,47.114286,3.928571,52996.28571,6.157143,12.742857,11.571429,7.528571,19.1,24563.57143,44.585714,8674.5,1165,37.442857,33.257143,29.2,8.357143,11.614286,61.528571,8.471429,13.428571,0,44.1,27.114286,8.757143,66.685714,12.871429,22.542857,10.1,3.5,52.23721
925,38343.175,700.3375,36.279487,10.466667,6.376923,48.807692,34.348718,3.797692,78696.87179,3.164103,13.446154,19.205128,18.230769,37.435897,32818.53846,66.817949,10825.825,1631.641026,35.557895,16.251282,27.546154,13.923077,22.317949,59.469231,7.276923,13.205128,0.435897,53.946154,21.353846,11.271795,46.884615,12.825641,12.720513,4.582051,7.753846,50.191384
926,32795.32558,1896.22093,42.871429,12.280952,8.216667,52.604762,31.142857,3.098095,120533.8333,2.180952,10.721429,18.85,38.057143,56.907143,55336.28571,59.221429,12171.30233,2354.738095,32.030952,5.835714,12.145238,33.285714,55.745238,64.430952,5.264286,18.502381,0.052381,65.014286,5.428571,8.611905,16.716667,8.845238,8.688095,5.280952,4.809524,42.070075
927,53351.22222,3774.077778,35.744444,9.3,5.144444,47.977778,38.411111,3.961111,88949.55556,2.944444,13.3,19.677778,23.477778,43.155556,36093.33333,52.388889,14667.44444,1879.222222,34.044444,25.7,20.288889,19.255556,30.011111,67.044444,5.244444,14.766667,0.022222,37.755556,33.188889,9.077778,57.855556,8.033333,10.833333,11.8,2.733333,40.156817
928,39121.87879,2295.939394,38.2,10.248485,5.951515,50.245455,35.290909,3.622727,102741.6364,2.648485,12.469697,19.760606,29.59697,49.357576,41287.27273,61.463636,11725.66667,2003.125,34.753125,14.230303,19.987879,23.739394,35.984848,65.230303,5.10303,15.224242,0.027273,54.030303,11.645455,10.081818,37.948485,8.957576,10.109091,8.057576,4.10303,42.301121
930,29568.75,627.904167,38.778261,12.604348,6.295652,47.456522,36.247826,3.468571,91408.33333,2.080952,14.257143,19.990476,23.752381,43.742857,37988.56522,60.62381,9405.458333,1886.571429,34.395,13.695652,20.682609,19.030435,29.647826,66.769565,6.256522,14.680952,0.785714,70.93913,7.704348,11.669565,44.852174,12.0,8.642857,6.657143,9.656522,40.251123
931,21597.0,1297.011111,38.233333,11.011111,8.166667,39.166667,46.266667,3.01875,110700.75,2.344444,9.355556,14.877778,31.244444,46.122222,41062.11111,46.833333,7772.555556,2272.25,36.1875,8.366667,10.755556,31.8,57.677778,59.1,6.666667,19.7625,0.425,69.255556,10.411111,8.711111,26.744444,9.922222,16.644444,3.655556,4.255556,39.419036
932,12344.55385,122.275385,36.774603,12.02,6.375385,43.663077,37.406154,3.527097,48255.08772,5.625397,10.893651,9.519048,7.965079,17.484127,25924.06667,56.904762,3561.446154,958.961538,33.72,31.801562,29.270312,8.715625,12.646875,53.032308,13.254839,8.718182,1.092727,67.273846,14.523077,12.506154,52.2,15.176562,24.682813,19.414286,4.929688,46.272297
933,52872.09091,1028.072727,31.381818,8.609091,4.590909,44.363636,38.354545,3.688182,67083.18182,5.863636,13.163636,15.545455,14.118182,29.663636,32257.0,57.3,16192.27273,1251.545455,32.790909,21.090909,26.109091,13.290909,20.463636,61.181818,9.0,12.636364,0.236364,60.872727,14.2,11.709091,50.672727,11.309091,20.127273,6.336364,4.836364,48.070374
934,13700.36842,400.476316,41.781579,13.278947,8.784211,48.207895,35.602632,3.090857,82314.63636,2.56,12.734286,17.571429,22.022857,39.594286,34754.63889,58.808571,4692.184211,1631.83871,34.577778,13.083784,21.218919,19.135135,31.137838,55.2,6.388889,14.527273,1.460606,75.578947,7.247368,9.557895,34.110526,11.963889,10.34,5.542857,8.442105,38.681449
935,13362.47619,77.185714,44.02,18.790244,9.656098,47.773171,33.04878,3.272703,69339.93939,5.953846,11.094872,14.728205,11.958974,26.687179,32985.66667,69.910256,4208.571429,1252.62963,35.533333,13.797561,28.729268,12.339024,18.873171,47.717073,9.371053,12.951613,0.396774,68.121951,9.3,9.292683,27.831707,16.684615,15.95641,3.725641,12.95122,48.326018
936,10598.49153,211.391525,38.02931,13.396552,6.662069,49.322414,34.627586,3.651429,62748.61224,4.614286,11.85,12.4875,10.842857,23.330357,28472.08163,58.1375,3073.508475,1076.133333,30.364286,28.82069,23.95,10.437931,17.653448,57.218966,9.610345,9.257692,1.682692,61.101724,22.02931,9.339655,54.131034,15.408621,18.65,12.239286,6.182759,47.367224
937,30829.15,1530.765,32.355,9.24,4.675,40.35,43.71,3.69,61255.11111,5.721053,10.752632,13.342105,12.542105,25.884211,29017.78947,50.789474,9942.1,1195.222222,35.838889,20.625,23.56,13.62,20.88,56.315,10.057895,13.047059,0.658824,50.285,16.66,13.765,50.955,14.375,26.473684,9.252632,4.27,46.413971
939,16325.28,569.984,40.725,12.591667,9.8,47.554167,37.3,3.488636,86011.7619,2.004545,14.854545,17.463636,22.322727,39.786364,39613.45833,54.709091,4885.68,1693.761905,32.285,19.870833,19.716667,18.466667,30.458333,60.683333,5.595833,12.730435,0.765217,55.616667,28.020833,7.941667,44.2875,10.895652,11.508696,8.863636,10.45,39.139001
940,25677.85294,1697.370588,42.044118,11.773529,7.182353,55.985294,30.488235,3.25,164119.1765,2.164706,8.605882,16.208824,52.823529,69.032353,75787.55882,63.447059,9120.764706,2741.586207,27.631034,7.432353,13.194118,28.935294,58.673529,68.594118,4.064706,16.512121,0.090909,54.773529,8.264706,9.605882,19.676471,7.420588,5.608824,5.958824,3.3,33.372518
941,29859.75862,7971.313793,38.992593,10.107407,6.42963,40.155556,45.966667,3.014444,130011.3704,4.77037,8.092593,13.562963,43.574074,57.137037,64893.07407,35.096296,12455.93103,2228.037037,25.588462,11.625926,10.877778,35.114815,60.662963,70.848148,6.307407,17.557143,0.089286,44.644444,6.422222,8.692593,13.774074,10.32963,12.177778,11.62963,3.296296,34.654293
943,22977.6,1877.2,36.88,7.88,5.34,47.0,40.88,3.16,144840.4,2.28,7.98,11.58,48.78,60.36,60123.2,43.16,7546.4,2536.4,30.22,5.32,6.2,25.58,77.42,61.18,3.7,18.62,0.08,54.72,6.34,8.58,16.32,7.88,8.76,5.96,2.44,32.872838
944,35774.5,3178.05,38.575,10.0,6.8,53.725,31.225,3.19,148130,1.475,8.75,16.3,48.4,64.7,70645.25,54.025,13545.75,2965.25,28.9,6.925,11.325,32.45,61.625,69.0,5.075,16.975,0.05,46.575,9.4,8.7,19.6,8.65,6.1,9.375,3.25,32.64202
945,30153.87952,976.289157,42.135802,12.771605,8.41358,53.076543,30.534568,3.271125,122863.8961,2.1275,11.28625,18.00375,37.245,55.24875,52778.65,67.48,10267.10843,2223.445946,32.1,8.916049,16.504938,26.903704,45.181481,63.281481,5.332099,14.11625,0.41625,54.060494,7.98642,9.274074,21.861728,11.24321,7.837037,5.41125,5.671605,36.469947
946,30600.0,3807.06,36.28,9.473333,5.653333,36.78,48.46,3.275,93967,4.95,10.8,15.6,29.678571,45.278571,47585.33333,41.778571,11830.46667,1767.642857,33.492857,13.093333,14.36,30.393333,51.686667,66.753333,7.266667,18.607143,0.021429,37.913333,14.426667,9.153333,23.72,10.44,17.453333,7.792857,3.006667,35.819149
947,14753.8,4547.4,36.71,10.48,7.67,37.95,49.81,2.895,117397.7778,2.59,9.47,14.89,36.52,51.41,51153.9,46.14,5481.6,2027.7,33.922222,3.13,6.33,36.11,74.37,61.83,5.6,22.588889,0.033333,58.04,4.72,9.22,12.11,8.81,16.22,3.29,2.75,30.939316
948,36702.4,2154.14,38.04,11.76,5.64,45.16,39.12,3.484,83275.4,3.72,14.98,19.68,21.42,41.1,38305.2,57.12,12129.2,1729,33.5,19.64,21.0,20.12,31.26,67.84,6.24,16.38,0,33.38,23.14,11.54,42.72,10.72,11.12,10.06,3.5,38.087378
949,10955.5,442.166667,49.291429,19.483333,12.65,48.961111,28.880556,2.963429,125416.2258,1.741667,11.519444,22.511111,35.947222,58.458333,57943.5,66.152778,4270.611111,2278.413793,30.736,5.955556,14.186111,29.880556,55.019444,62.430556,5.883333,25.141176,0.664706,78.85,5.1,9.597222,12.447222,9.205556,7.738889,1.786111,6.233333,36.216433
950,22778.4359,1003.425641,40.461538,12.620513,6.5,49.969231,35.423077,3.249211,122456.1351,1.823684,10.823684,18.665789,36.302632,54.968421,49607.10526,64.013158,7715.205128,2120.571429,29.220588,10.707692,14.361538,26.805128,47.007692,63.487179,4.94359,15.42973,1.037838,62.069231,11.115385,9.371795,27.594872,9.579487,7.113158,6.102632,4.146154,35.556054
951,35817.31034,2584.055172,38.668966,10.758621,5.482759,51.610345,34.782759,3.464138,132770.3929,2.296552,9.627586,17.272414,43.162069,60.434483,54335.78571,59.075862,11427.82759,2485.107143,32.282143,12.706897,14.855172,27.37931,48.741379,67.913793,4.551724,13.306897,0.02069,36.903448,11.275862,9.975862,28.651724,8.965517,7.789655,11.403448,3.058621,34.784127
952,13095.80488,649.37561,43.279487,12.68,9.2775,47.505,33.585,3.38,74622.37143,3.774359,14.274359,18.820513,14.771795,33.592308,32391.72973,63.746154,4109.219512,1318.90625,30.614286,14.865,30.0325,15.7575,22.1525,53.135,10.4575,12.342105,1.910526,67.355,8.07,12.61,28.025,17.7475,15.946154,5.853846,7.3725,42.985816
953,16064.95714,352.948571,39.038806,11.782353,7.880882,50.816176,30.977941,3.462985,69803.125,5.355882,14.589706,14.794118,14.238235,29.032353,32986.40625,60.975,5059.885714,1251.65,30.646552,19.157353,28.858824,12.673529,19.344118,57.864706,8.385075,11.050746,2.202985,66.144118,14.275,9.854412,40.920588,16.275,13.355882,7.779412,6.176471,44.484996
954,7627.147059,288.266176,48.50597,19.579412,13.010294,45.332353,31.104412,3.043788,78192.05357,4.901493,12.674627,14.792537,17.901493,32.69403,34563.66667,65.065672,2924.558824,1453.833333,33.582051,10.589706,24.560294,19.661765,31.825,57.613235,8.666667,19.323214,1.173214,78.970588,7.597059,6.039706,18.144118,17.647059,14.830882,1.665672,9.322059,37.26253
955,3568.595745,70.86383,46.488889,20.406522,12.065217,42.558696,35.247826,2.978222,51954.15,5.423913,11.058696,11.752174,11.182609,22.934783,28843.11628,68.152174,1372.382979,984.3125,36.303846,9.173913,25.895652,17.680435,24.858696,49.217391,7.318182,22.169444,1.311111,80.454348,3.408696,7.478261,8.269565,22.108696,20.136957,1.421739,8.6,34.442721
956,14518.63218,334.4,43.789286,15.190698,9.4,51.175581,29.640698,3.18253,84572.7973,2.934884,15.297674,17.596512,20.426744,38.023256,38842.775,69.668605,5256.666667,1462.720588,30.685,10.493023,23.57093,19.939535,30.140698,57.498837,5.106977,12.2075,2.03625,78.174419,4.956977,8.8,22.726744,13.501163,11.340698,2.968605,8.011628,43.414411
957,16896.86364,268.536364,45.514286,15.457143,7.338095,57.719048,24.52381,3.104286,97662.68421,2.342857,13.771429,17.966667,28.514286,46.480952,47167.0,77.442857,5703.090909,1648.9375,35.933333,5.709524,18.180952,26.919048,40.433333,63.638095,5.442857,14.466667,0.316667,77.709524,2.219048,8.014286,10.747619,10.214286,7.838095,1.633333,7.961905,45.283906
958,30687.27586,1917.931034,36.551724,11.065517,5.603448,41.534483,40.17931,3.26931,75731.06897,5.396552,13.417241,16.134483,17.944828,34.07931,37140.65517,51.568966,11140.65517,1470.25,34.396296,12.67931,21.210345,21.724138,33.748276,63.582759,6.851724,12.189655,0.037931,50.862069,10.103448,10.044828,24.631034,12.931034,16.089655,6.896552,5.696552,41.804891
959,7570.585714,84.631429,45.098485,18.413433,10.961194,46.937313,29.70597,3.092615,62292.92453,6.701493,12.726866,15.670149,10.747761,26.41791,29726.12727,66.429851,2795.185714,1095.673913,33.509756,14.314925,29.074627,13.283582,19.961194,50.826866,8.934375,13.373684,3.368421,79.526866,5.028358,7.998507,18.804478,19.765672,15.683582,3.344776,8.843284,44.712375
960,4156.094595,21.060811,49.943662,18.015278,13.325,48.281944,25.606944,3.053662,53893.92188,4.865278,13.063889,11.395833,8.480556,19.876389,27836.02985,72.373611,1626.310811,1003.395349,33.1,10.530556,31.652778,11.248611,17.927778,45.319444,9.171831,11.515789,3.050877,82.316667,2.356944,7.934722,11.588889,21.7375,18.273611,1.061111,10.813889,39.567951
961,2566.863636,15.938636,48.8775,22.502326,12.009302,51.888372,26.474419,3.167619,66514.05882,5.502326,15.174419,12.506977,10.967442,23.474419,34861.97297,77.474419,940.909091,1079.714286,32.672222,8.837209,24.865116,16.488372,24.788372,47.255814,5.741026,13.522581,1.551613,84.137209,6.023256,4.72093,11.04186,14.6,13.318605,1.711628,10.344186,45.475353
967,13271.02597,206.154546,42.889474,15.823377,9.367532,48.780519,32.020779,3.486104,78602.06849,3.663636,13.836364,18.598701,17.544156,36.142857,34915.32432,63.772727,4180.857143,1502.736111,32.98,7.850649,30.697403,19.596104,29.866234,61.698701,7.016883,14.328,2.68,30.35974,1.631169,26.42987,11.998701,13.661039,11.658442,3.928571,9.497403,?
968,21581.45,2693.955,36.276471,8.441176,5.564706,33.070588,54.982353,3.240909,89923.63636,2.6,13.072727,17.827273,25.390909,43.218182,35935.41176,53.236364,7824.35,1934.636364,32.881818,4.911765,31.917647,20.635294,34.723529,74.423529,4.266667,9.33125,0.04375,33.888235,3.564706,14.882353,10.147059,10.608333,9.618182,9.809091,21.426667,?
970,13697.20968,475.669355,43.125806,13.953226,9.316129,52.683871,26.987097,3.062903,77232.93548,2.919355,15.120968,17.306452,16.790323,34.096774,37581.51613,72.266129,5147.854839,1302.763636,29.001923,9.529032,26.675806,18.546774,28.269355,61.595161,4.251613,11.531034,3.706897,84.027419,3.546774,7.209677,14.596774,14.541935,10.437097,1.972581,9.866129,33.951729
971,8648.878049,135.9,46.760976,18.492683,9.873171,53.126829,26.1,2.991707,78352.58974,2.9,15.573171,18.029268,16.07561,34.104878,35142.05263,75.458537,3155.853659,1218.628571,28.55,7.263415,25.897561,18.704878,30.363415,57.343902,4.214634,11.089189,2.394595,86.085366,3.665854,7.036585,10.812195,15.95122,9.202439,1.217073,9.239024,33.375
972,27500.5,2140.552941,38.733333,11.075758,6.057576,41.757576,40.287879,2.886364,81593.65625,4.806061,12.093939,16.906061,21.766667,38.672727,42577.27273,52.709091,11582.5,1400.606061,32,6.545455,15.145455,30.539394,51.321212,69.090909,5.639394,14.936364,0.239394,75.19697,2.509091,7.827273,10.366667,13.651515,13.157576,3.139394,5.321212,35.748228
973,10110.90769,240.578462,44.915873,18.546154,10.743077,52.993846,27.526154,2.92871,67230.57143,3.574194,13.766129,16.81129,10.937097,27.748387,30761.81034,70.209677,3784.384615,1061.215686,35.093878,9.570769,27.470769,15.863077,25.213846,51.718462,7.703279,10.368966,3.372414,84.570769,3.115385,7.495385,10.621538,19.371875,14.593651,1.620968,10.955385,36.323573
974,7573.884615,100.082051,49.551316,18.552564,12.216667,51.441026,25.384615,2.881316,56858.01351,4.215385,10.971795,13.637179,8.696154,22.333333,27739.06579,73.965385,3154.448718,958.107692,31.365574,8.744156,30.75974,13.392208,20.849351,48.905128,7.998701,11.063514,3.082432,89.260256,1.9,5.812821,5.938462,22.233333,15.133333,0.384615,11.862821,37.676078
975,12836.33333,87.366667,48.920833,17.883333,13.870833,53.716667,23.133333,2.857917,54712.69565,4.5375,11.8125,11.941667,8.6625,20.604167,27459.45833,74.095833,5205.25,1060.809524,35.96875,9.175,28.841667,13.720833,21.225,48.425,7.058333,13.545833,1.558333,91.016667,1.391667,5.595833,8.175,19.479167,13.95,0.816667,13.041667,37.301269
976,3337.727273,6.872727,47.161905,20.109524,11.747619,56.8,21.138095,3.017619,50545.875,5.257143,11.261905,9.409524,9.857143,19.266667,23932.84211,70.157143,1362.227273,775.181818,24.83,11.690476,34.071429,12.485714,21.109524,47.457143,4.675,9.785714,5.285714,89.790476,1.014286,5.642857,8.257143,22.480952,15.409524,0.842857,12.966667,40.465026
977,7977.96875,17.884375,48.32,18.123333,13.886667,60.236667,19.86,2.857667,64348.25,2.803333,12.12,16.39,10.336667,26.726667,30981.89655,64.956667,3198.625,1011.736842,30.323529,9.81,30.113333,17.446667,24.49,54.636667,4.73,11.284211,4.152632,89.266667,1.493333,5.08,10.263333,15.266667,11.373333,0.346667,9.523333,40.199628
978,2850.54717,8.135849,47.177358,17.30566,10.986792,57.326415,21.741509,2.992642,57976.08163,4.813208,12.85283,13.443396,7.637736,21.081132,29189.5,75.524528,1060.358491,815.953488,23.789474,9.666038,32.432075,13.896226,20.333962,52.681132,5.462264,11.684091,10.397727,88.909434,2.024528,6.098113,9.284906,20.639623,13.396226,1.454717,12.920755,40.783362
980,28628.29091,1091.825455,39.679245,11.226415,5.841509,57.096226,28.198113,3.122264,120277.0755,1.662264,11.154717,19.99434,36.343396,56.337736,56562.28302,68.620755,10666.38182,1914.207547,30.030769,5.830189,16.381132,30.443396,49.654717,68.041509,4.069811,12.731481,0.203704,64.613208,3.901887,8.132075,9.511321,9.75283,6.432075,5.09434,5.807547,36.618644
981,25739.02564,3991.730769,36.969444,9.997222,5.833333,41.991667,42.497222,2.819143,105637.3714,3.074286,10.948571,17.791429,31.814286,49.605714,55089.25,50.46,11347.61538,1731.352941,30.773529,7.622222,12.405556,32.816667,56.65,71.194444,5.077778,13.768571,0.042857,61.513889,4.194444,9.230556,10.127778,10.388889,10.691429,5.877143,4.691667,37.850221
982,14512.47761,274.90597,45.233333,15.546269,10.452239,51.861194,27.179104,2.865312,77843.76667,3.38,15.390769,20.995385,15.376923,36.372308,37681.56061,74.035385,5568.134328,1292.894737,30.766667,7.474627,23.650746,20.322388,31.91791,59.913433,4.389552,12.383607,0.67541,84.656716,3.714925,5.377612,8.655224,13.904615,10.493846,1.390769,12.465672,36.529111
983,11926.17647,391.111765,43.94697,15.530882,9.548529,53.136765,26.786765,2.951045,81559.7619,3.476471,15.117647,18.142647,18.514706,36.657353,39761.43077,71.482353,4494.294118,1345.220339,29.241509,6.466176,24.176471,18.594118,30.395588,59.747059,5.022059,8.973134,0.302985,81.908824,1.588235,7.751471,7.129412,15.611765,9.286765,0.663235,13.583824,37.678713
984,16430.33333,1589.296296,34.726923,9.238462,5.096154,40.673077,42.092308,3.037826,72507.31818,3.441667,16.729167,18.183333,13.625,31.808333,36268.92,47.741667,6299.185185,1396.727273,32.931818,8.934615,23.211538,20.107692,33.084615,64.080769,6.219231,7.658333,0.0375,64.453846,3.715385,11.042308,14.773077,12.930769,12.895833,3.35,13.869231,39.381909
985,7870.746269,128.186567,45.804762,18.421538,10.281538,49.786154,29.886154,2.928333,66641.38182,4.327419,14.641935,15.058065,10.122581,25.180645,32786.9322,75.743548,3076.865672,1026.818182,31.779487,9.4375,32.957813,11.696875,18.298437,53.007692,7.390625,7.210169,1.394915,82.661538,2.2,6.487692,7.069231,22.8875,12.936508,0.787097,12.533846,36.991684
986,11511.36842,282.922807,46.427273,17.285714,10.167857,55.758929,23.016071,2.908393,71508.86792,4.448214,14.680357,17.832143,13.5,31.332143,34767.65455,77.901786,4350.754386,1154.361702,29.175,7.016071,28.932143,16.844643,26.7875,54.332143,6.291071,9.960784,1.57451,87.125,2.069643,6.571429,7.075,17.471429,10.716071,1.142857,11.660714,35.016567
988,5322.177778,22.962222,44.746667,16.848889,9.348889,54.371111,25.442222,3.019778,60952.26829,4.004444,13.391111,14.584444,8.935556,23.52,29906.54545,69.328889,1942.422222,873.636364,25.282759,16.726667,28.62,15.693333,23.044444,58.164444,4.786667,8.05,2.815789,72.757778,17.284444,5.951111,25.571111,19.233333,13.571111,5.033333,8.415556,38.63542
989,9993.8,120.586667,36.962069,11.803448,7.017241,47.224138,35.010345,3.251786,60419.82143,2.896429,12.1,14.653571,9.292857,23.946429,30980.46429,66.403571,3450.133333,1038.846154,25.430435,22.851724,27.924138,13.189655,21.582759,62.644828,6.841379,7.810345,1.996552,69.886207,12.868966,11.072414,40.106897,14.086207,15.365517,8.646429,5.5,39.993753
990,5127.59375,93.13125,42.993333,13.587097,11.180645,53.093548,24.977419,3.017667,72145.86207,2.980645,11.922581,16.964516,12.770968,29.735484,33890.93103,76.283871,1855.03125,901.32,23.27619,6.870968,30.274194,16.032258,24.219355,54.696774,4.893333,9.371429,2.85,86.451613,1.487097,5.135484,4.435484,18.890323,13.232258,0.548387,12.370968,38.544504
991,1892.734375,32.309375,48.967188,19.764063,12.739062,55.175,22.815625,2.875469,55048.67797,4.532813,12.5125,13.028125,9.434375,22.4625,29649.46667,77.6125,752.28125,754.083333,25.35814,7.323437,29.915625,14.946875,23.25625,47.610937,4.842857,8.6,3.188,84.790625,0.88125,5.56875,2.89375,20.19375,13.040625,0.435937,11.328125,38.936217
992,23864.9375,1244.91875,35.25,10.5375,6.2,38.275,42.325,2.973571,60709.71429,4.857143,12.907143,14.057143,11.864286,25.921429,29677.4375,56.628571,9722.125,1005.214286,30.114286,5.706667,21.066667,19.633333,37.4,59.61875,8.175,10.128571,0.242857,83.225,1.95625,7.1625,6.91875,13.8375,14.785714,1.514286,8.5625,41.721579
993,11425.05714,136.148571,39.648571,12.511429,9.0,55.68,27.862857,3.368571,69272.23529,4.091429,15.511429,15.12,12.217143,27.337143,32761.09375,68.528571,3898.942857,907.310345,26.219231,17.011429,26.431429,14.02,22.12,59.768571,5.457143,6.80625,3.3875,74.597143,13.637143,8.682857,29.565714,14.877143,12.734286,6.197143,9.494286,40.200097
994,7442.333333,19.2,42.833333,13.466667,8.0,48.7,22.933333,3.65,62856.33333,1.466667,7.433333,17.933333,9.333333,27.266667,38557.0,83.833333,3103.666667,825,31.2,6.866667,25.8,24.3,30.3,56.6,2.6,7.733333,1.966667,93.9,1.533333,2.5,2.933333,13.966667,8.066667,0.066667,25.2,39.796194
995,5629.105263,165.459649,36.487273,13.321818,5.383636,46.270909,38.405455,3.65,66326.16981,4.114815,12.692593,16.101852,12.42963,28.531481,33607.77551,66.557407,2014.982456,1168.16129,25.748148,12.192727,38.083636,13.310909,20.818182,65.38,11.650909,10.620513,0.138462,37.905455,1.412727,8.550909,4.64,13.667273,17.176364,1.731481,9.52,?
996,2431.305882,31.178824,36.00119,12.036905,5.971429,41.404762,41.494048,3.94,54724.05333,4.66988,13.881928,12.1,8.701205,20.801205,23538.53425,69.491566,844.470588,901.649123,24.619149,14.666667,42.988095,9.054762,14.263095,61.997619,16.991667,12.433333,0.140351,30.115476,0.986905,8.675,2.782143,15.221429,22.716667,2.454217,7.803571,?
998,3357.4,34.726667,48.707143,19.928571,12.671429,53.2,28.278571,3.093571,79305.92857,4.185714,13.05,14.885714,17.685714,32.571429,31875.16667,72.964286,1314.066667,1108.444444,24.728571,5.078571,33.557143,20.885714,28.728571,65.492857,11.992857,19.98,0.02,67.3,0.292857,10.714286,7.821429,15.042857,10.057143,1.064286,8.092857,?
999,1954.727273,2.145455,43.275,29.854545,5.936364,36.981818,21.036364,3.14625,58625.75,3.345455,7.645455,10.409091,9.054545,19.463636,27660.375,80.772727,770.363636,854.857143,25.242857,6.081818,45.654545,19.463636,23.172727,51.3,7.611111,13.371429,0,67.472727,0.409091,7.218182,2.654545,24.927273,20.390909,0.254545,5.981818,?
